1.0,1.0,1.0,61.0,1.0,3.0,59.0,14.0,708.0,1.0,6.0,4.0,0
1.0,1.0,1.0,33.0,1.0,4.0,60.0,7.0,720.0,0.0,1.0,0.0,0
1.0,1.0,1.0,28.0,1.0,4.0,75.0,5.0,900.0,0.0,1.0,0.0,0
1.0,1.0,1.0,37.0,1.0,4.0,65.0,6.0,780.0,0.0,1.0,2.0,0
0.0,1.0,0.0,59.0,0.0,4.0,69.0,6.0,828.0,0.0,0.0,2.0,0
1.0,1.0,3.0,31.0,1.0,4.0,60.0,2.0,720.0,0.0,2.0,2.0,0
0.0,1.0,1.0,44.0,0.0,4.0,83.0,3.0,996.0,0.0,1.0,0.0,0
1.0,1.0,0.0,65.0,1.0,4.0,78.0,14.0,936.0,0.0,2.0,2.0,0
1.0,1.0,1.0,69.0,1.0,4.0,60.0,3.0,720.0,0.0,0.0,1.0,0
1.0,1.0,1.0,23.0,1.0,4.0,61.0,16.0,732.0,0.0,1.0,2.0,0
0.0,1.0,1.0,26.0,0.0,4.0,75.0,5.0,900.0,0.0,0.0,1.0,0
0.0,1.0,2.0,33.0,0.0,4.0,82.0,15.0,984.0,0.0,1.0,2.0,0
1.0,1.0,2.0,37.0,1.0,4.0,77.0,14.0,924.0,0.0,1.0,1.0,0
0.0,1.0,1.0,48.0,0.0,4.0,71.0,9.0,852.0,0.0,0.0,0.0,0
0.0,1.0,2.0,60.0,0.0,4.0,80.0,1.0,960.0,0.0,2.0,1.0,0
0.0,1.0,0.0,77.0,0.0,4.0,72.0,5.0,864.0,0.0,0.0,1.0,0
0.0,1.0,1.0,46.0,0.0,4.0,67.0,1.0,804.0,0.0,1.0,0.0,0
0.0,1.0,0.0,59.0,0.0,4.0,83.0,1.0,996.0,0.0,1.0,1.0,0
1.0,1.0,0.0,45.0,1.0,4.0,79.0,11.0,948.0,0.0,0.0,0.0,0
0.0,1.0,1.0,50.0,0.0,4.0,80.0,13.0,960.0,0.0,2.0,0.0,0
0.0,1.0,1.0,50.0,0.0,4.0,65.0,12.0,780.0,0.0,2.0,2.0,0
1.0,1.0,2.0,22.0,1.0,4.0,60.0,9.0,720.0,0.0,2.0,2.0,0
1.0,1.0,2.0,24.0,1.0,4.0,65.0,15.0,780.0,0.0,1.0,0.0,0
1.0,1.0,3.0,22.0,1.0,4.0,73.0,3.0,876.0,0.0,1.0,2.0,0
1.0,1.0,1.0,22.0,1.0,4.0,62.0,9.0,744.0,0.0,1.0,0.0,0
1.0,1.0,1.0,26.0,1.0,4.0,71.0,11.0,852.0,0.0,2.0,2.0,0
1.0,1.0,0.0,30.0,1.0,4.0,76.0,9.0,912.0,0.0,1.0,1.0,0
0.0,1.0,2.0,25.0,0.0,4.0,67.0,6.0,804.0,0.0,2.0,0.0,0
1.0,1.0,3.0,34.0,1.0,4.0,67.0,4.0,804.0,0.0,1.0,0.0,0
1.0,1.0,2.0,36.0,1.0,4.0,60.0,7.0,720.0,0.0,1.0,1.0,0
1.0,1.0,3.0,36.0,1.0,4.0,61.0,4.0,732.0,0.0,0.0,2.0,0
1.0,1.0,1.0,36.0,1.0,4.0,69.0,10.0,828.0,0.0,1.0,2.0,0
1.0,1.0,1.0,37.0,1.0,4.0,64.0,8.0,768.0,0.0,2.0,0.0,0
0.0,1.0,1.0,45.0,0.0,4.0,62.0,15.0,744.0,0.0,2.0,2.0,0
0.0,1.0,1.0,50.0,0.0,4.0,64.0,3.0,768.0,0.0,1.0,0.0,0
0.0,1.0,1.0,68.0,0.0,4.0,84.0,1.0,1008.0,0.0,2.0,2.0,0
1.0,1.0,1.0,39.0,1.0,4.0,67.0,3.0,804.0,0.0,1.0,1.0,0
1.0,1.0,1.0,40.0,1.0,4.0,65.0,14.0,780.0,0.0,2.0,0.0,0
1.0,1.0,1.0,41.0,1.0,4.0,81.0,11.0,972.0,0.0,1.0,1.0,0
0.0,1.0,1.0,23.0,0.0,4.0,67.0,8.0,804.0,0.0,2.0,2.0,0
0.0,1.0,2.0,41.0,0.0,4.0,88.0,8.0,1056.0,0.0,0.0,0.0,0
1.0,1.0,1.0,42.0,1.0,4.0,60.0,10.0,720.0,0.0,1.0,0.0,0
1.0,1.0,3.0,43.0,1.0,4.0,75.0,7.0,900.0,0.0,1.0,2.0,0
1.0,1.0,1.0,43.0,1.0,4.0,71.0,12.0,852.0,0.0,2.0,1.0,0
1.0,1.0,1.0,44.0,1.0,4.0,66.0,10.0,792.0,0.0,2.0,0.0,0
1.0,1.0,1.0,44.0,1.0,4.0,60.0,7.0,720.0,0.0,1.0,0.0,0
1.0,1.0,1.0,44.0,1.0,4.0,62.0,11.0,744.0,0.0,1.0,0.0,0
1.0,1.0,1.0,45.0,1.0,4.0,59.0,12.0,708.0,0.0,1.0,1.0,0
1.0,1.0,1.0,45.0,1.0,4.0,65.0,10.0,780.0,0.0,0.0,2.0,0
0.0,1.0,0.0,52.0,0.0,4.0,69.0,2.0,828.0,0.0,1.0,2.0,0
0.0,1.0,0.0,71.0,0.0,4.0,60.0,13.0,720.0,0.0,1.0,2.0,0
1.0,1.0,2.0,46.0,1.0,4.0,72.0,14.0,864.0,0.0,1.0,1.0,0
1.0,1.0,0.0,47.0,1.0,4.0,65.0,6.0,780.0,0.0,2.0,1.0,0
1.0,1.0,1.0,51.0,1.0,4.0,70.0,13.0,840.0,0.0,0.0,0.0,0
1.0,1.0,1.0,52.0,1.0,4.0,64.0,11.0,768.0,0.0,0.0,0.0,0
0.0,1.0,1.0,72.0,0.0,4.0,59.0,15.0,708.0,0.0,2.0,1.0,0
1.0,1.0,1.0,52.0,1.0,4.0,63.0,2.0,756.0,0.0,2.0,0.0,0
1.0,1.0,1.0,54.0,1.0,4.0,60.0,9.0,720.0,0.0,0.0,2.0,0
1.0,1.0,1.0,56.0,1.0,4.0,71.0,10.0,852.0,0.0,1.0,1.0,0
1.0,1.0,1.0,56.0,1.0,4.0,71.0,11.0,852.0,0.0,2.0,2.0,0
1.0,1.0,1.0,58.0,1.0,4.0,67.0,11.0,804.0,0.0,1.0,1.0,0
1.0,1.0,3.0,59.0,1.0,4.0,72.0,7.0,864.0,0.0,1.0,2.0,0
1.0,1.0,0.0,59.0,1.0,4.0,61.0,14.0,732.0,0.0,1.0,1.0,0
1.0,1.0,0.0,60.0,1.0,4.0,74.0,1.0,888.0,0.0,0.0,1.0,0
1.0,1.0,1.0,61.0,1.0,4.0,67.0,3.0,804.0,0.0,1.0,0.0,0
1.0,1.0,1.0,61.0,1.0,4.0,69.0,12.0,828.0,0.0,1.0,2.0,0
1.0,1.0,1.0,61.0,1.0,4.0,60.0,13.0,720.0,0.0,2.0,1.0,0
1.0,1.0,1.0,62.0,1.0,4.0,60.0,15.0,720.0,0.0,1.0,0.0,0
0.0,1.0,1.0,68.0,0.0,4.0,66.0,14.0,792.0,0.0,1.0,2.0,0
1.0,1.0,1.0,63.0,1.0,4.0,62.0,9.0,744.0,0.0,1.0,2.0,0
1.0,1.0,2.0,64.0,1.0,4.0,76.0,12.0,912.0,0.0,0.0,0.0,0
1.0,1.0,1.0,64.0,1.0,4.0,60.0,2.0,720.0,0.0,2.0,1.0,0
1.0,1.0,3.0,65.0,1.0,4.0,85.0,9.0,1020.0,0.0,1.0,1.0,0
1.0,1.0,1.0,66.0,1.0,4.0,64.0,13.0,768.0,0.0,0.0,2.0,0
1.0,1.0,2.0,67.0,1.0,4.0,74.0,12.0,888.0,0.0,2.0,0.0,0
1.0,1.0,1.0,67.0,1.0,4.0,85.0,3.0,1020.0,0.0,1.0,2.0,0
0.0,1.0,1.0,69.0,0.0,4.0,84.0,7.0,1008.0,0.0,0.0,1.0,0
1.0,1.0,1.0,69.0,1.0,4.0,61.0,14.0,732.0,0.0,2.0,0.0,0
1.0,1.0,1.0,70.0,1.0,4.0,66.0,12.0,792.0,0.0,1.0,0.0,0
1.0,1.0,0.0,78.0,1.0,4.0,61.0,4.0,732.0,0.0,0.0,2.0,0
1.0,1.0,0.0,79.0,1.0,4.0,73.0,13.0,876.0,0.0,0.0,2.0,0
1.0,1.0,0.0,80.0,1.0,4.0,72.0,14.0,864.0,0.0,1.0,1.0,0
1.0,1.0,1.0,80.0,1.0,4.0,67.0,11.0,804.0,0.0,2.0,1.0,0
1.0,1.0,1.0,80.0,1.0,4.0,77.0,8.0,924.0,0.0,1.0,1.0,0
1.0,1.0,2.0,80.0,1.0,4.0,65.0,1.0,780.0,0.0,1.0,0.0,0
1.0,1.0,1.0,80.0,1.0,4.0,60.0,7.0,720.0,0.0,1.0,0.0,0
1.0,1.0,1.0,80.0,1.0,4.0,65.0,14.0,780.0,0.0,1.0,1.0,0
1.0,1.0,1.0,19.0,0.0,0.0,44.0,39.0,528.0,0.0,3.0,3.0,1
1.0,0.0,1.0,48.0,1.0,3.0,45.0,41.0,540.0,1.0,11.0,4.0,1
1.0,0.0,0.0,75.0,1.0,3.0,42.0,13.0,504.0,1.0,1.0,4.0,1
1.0,0.0,3.0,37.0,1.0,3.0,47.0,16.0,564.0,1.0,9.0,4.0,1
1.0,1.0,3.0,47.0,1.0,3.0,43.0,30.0,516.0,1.0,4.0,4.0,1
1.0,1.0,0.0,75.0,1.0,3.0,45.0,36.0,540.0,1.0,1.0,4.0,1
1.0,0.0,1.0,32.0,1.0,3.0,43.0,19.0,516.0,1.0,12.0,4.0,1
1.0,0.0,3.0,33.0,1.0,3.0,50.0,25.0,600.0,1.0,2.0,4.0,1
1.0,0.0,2.0,36.0,1.0,3.0,52.0,24.0,624.0,1.0,14.0,4.0,1
1.0,1.0,2.0,40.0,1.0,3.0,46.0,29.0,552.0,1.0,6.0,4.0,1
1.0,0.0,1.0,46.0,1.0,3.0,42.0,43.0,504.0,1.0,13.0,4.0,1
1.0,0.0,3.0,51.0,1.0,3.0,55.0,37.0,660.0,1.0,6.0,4.0,1
1.0,0.0,0.0,57.0,1.0,3.0,50.0,13.0,600.0,1.0,11.0,4.0,1
1.0,1.0,0.0,72.0,1.0,3.0,44.0,17.0,528.0,1.0,0.0,4.0,1
0.0,1.0,2.0,80.0,0.0,3.0,50.0,39.0,600.0,1.0,3.0,4.0,1
1.0,1.0,0.0,31.0,1.0,3.0,42.0,43.0,504.0,1.0,2.0,4.0,1
1.0,1.0,3.0,31.0,1.0,3.0,48.0,12.0,576.0,1.0,3.0,4.0,1
0.0,0.0,0.0,52.0,0.0,3.0,45.0,47.0,540.0,1.0,2.0,4.0,1
1.0,0.0,3.0,59.0,1.0,3.0,42.0,42.0,504.0,1.0,5.0,4.0,1
1.0,0.0,2.0,60.0,1.0,3.0,50.0,24.0,600.0,1.0,10.0,4.0,1
1.0,0.0,1.0,65.0,1.0,3.0,43.0,36.0,516.0,1.0,2.0,4.0,1
1.0,0.0,2.0,74.0,1.0,3.0,46.0,23.0,552.0,1.0,9.0,4.0,1
0.0,1.0,1.0,29.0,0.0,3.0,44.0,24.0,528.0,1.0,13.0,4.0,1
1.0,0.0,3.0,32.0,1.0,3.0,42.0,30.0,504.0,1.0,8.0,4.0,1
1.0,1.0,2.0,35.0,1.0,3.0,50.0,46.0,600.0,1.0,7.0,4.0,1
1.0,0.0,3.0,42.0,1.0,3.0,44.0,22.0,528.0,1.0,6.0,4.0,1
1.0,0.0,3.0,53.0,1.0,3.0,42.0,25.0,504.0,1.0,5.0,4.0,1
1.0,0.0,0.0,58.0,1.0,3.0,45.0,30.0,540.0,1.0,2.0,4.0,1
1.0,1.0,3.0,67.0,1.0,3.0,43.0,14.0,516.0,1.0,2.0,4.0,1
1.0,0.0,0.0,79.0,1.0,3.0,44.0,14.0,528.0,1.0,13.0,4.0,1
1.0,1.0,2.0,50.0,1.0,3.0,43.0,36.0,516.0,1.0,11.0,4.0,1
1.0,1.0,0.0,67.0,1.0,3.0,48.0,36.0,576.0,1.0,3.0,4.0,1
1.0,1.0,2.0,28.0,1.0,3.0,46.0,40.0,552.0,1.0,4.0,4.0,1
1.0,0.0,1.0,39.0,1.0,3.0,45.0,43.0,540.0,1.0,2.0,4.0,1
1.0,1.0,1.0,44.0,1.0,3.0,48.0,37.0,576.0,1.0,1.0,4.0,1
1.0,0.0,2.0,47.0,1.0,3.0,47.0,14.0,564.0,1.0,4.0,4.0,1
1.0,0.0,0.0,57.0,1.0,3.0,46.0,20.0,552.0,1.0,5.0,4.0,1
0.0,0.0,2.0,57.0,0.0,3.0,47.0,28.0,564.0,1.0,12.0,4.0,1
1.0,0.0,1.0,57.0,1.0,3.0,42.0,47.0,504.0,1.0,5.0,4.0,1
0.0,1.0,3.0,62.0,0.0,3.0,43.0,37.0,516.0,1.0,2.0,4.0,1
1.0,1.0,2.0,71.0,1.0,3.0,46.0,41.0,552.0,1.0,4.0,4.0,1
1.0,1.0,1.0,31.0,1.0,4.0,52.0,3.0,624.0,0.0,0.0,1.0,1
1.0,0.0,2.0,47.0,1.0,3.0,47.0,45.0,564.0,1.0,8.0,4.0,1
1.0,0.0,2.0,54.0,1.0,3.0,46.0,17.0,552.0,1.0,10.0,4.0,1
1.0,1.0,3.0,72.0,1.0,3.0,42.0,14.0,504.0,1.0,0.0,4.0,1
1.0,0.0,2.0,75.0,1.0,3.0,47.0,17.0,564.0,1.0,8.0,4.0,1
1.0,1.0,2.0,28.0,1.0,3.0,51.0,46.0,612.0,1.0,4.0,4.0,1
1.0,0.0,2.0,53.0,1.0,3.0,44.0,27.0,528.0,1.0,1.0,4.0,1
1.0,1.0,1.0,57.0,1.0,4.0,43.0,7.0,516.0,0.0,2.0,2.0,1
1.0,1.0,1.0,63.0,1.0,4.0,45.0,15.0,540.0,0.0,0.0,1.0,1
1.0,1.0,1.0,42.0,1.0,4.0,57.0,15.0,684.0,0.0,1.0,0.0,1
1.0,1.0,2.0,73.0,1.0,3.0,42.0,19.0,504.0,1.0,10.0,4.0,1
1.0,1.0,1.0,40.0,1.0,3.0,46.0,13.0,552.0,1.0,7.0,4.0,1
1.0,1.0,1.0,43.0,1.0,4.0,44.0,12.0,528.0,0.0,0.0,1.0,1
0.0,1.0,3.0,50.0,0.0,4.0,46.0,11.0,552.0,0.0,0.0,0.0,1
0.0,1.0,1.0,51.0,0.0,4.0,54.0,15.0,648.0,0.0,0.0,2.0,1
1.0,1.0,2.0,61.0,1.0,4.0,57.0,8.0,684.0,0.0,1.0,1.0,1
1.0,0.0,0.0,73.0,1.0,3.0,51.0,37.0,612.0,1.0,11.0,4.0,1
1.0,0.0,0.0,31.0,1.0,3.0,43.0,36.0,516.0,1.0,5.0,4.0,1
1.0,1.0,1.0,40.0,1.0,4.0,47.0,3.0,564.0,0.0,0.0,1.0,1
1.0,1.0,2.0,61.0,1.0,4.0,52.0,12.0,624.0,0.0,2.0,2.0,1
0.0,1.0,1.0,71.0,0.0,4.0,51.0,10.0,612.0,0.0,0.0,1.0,1
1.0,0.0,0.0,73.0,1.0,3.0,44.0,40.0,528.0,1.0,7.0,4.0,1
1.0,1.0,1.0,29.0,1.0,4.0,51.0,15.0,612.0,0.0,0.0,0.0,1
0.0,1.0,1.0,37.0,0.0,4.0,46.0,6.0,552.0,0.0,1.0,2.0,1
1.0,1.0,0.0,38.0,1.0,4.0,46.0,9.0,552.0,0.0,1.0,2.0,1
1.0,1.0,1.0,69.0,1.0,4.0,47.0,4.0,564.0,0.0,1.0,1.0,1
1.0,1.0,1.0,35.0,1.0,4.0,45.0,7.0,540.0,0.0,1.0,0.0,1
1.0,1.0,1.0,48.0,1.0,4.0,42.0,10.0,504.0,0.0,1.0,2.0,1
0.0,1.0,1.0,54.0,0.0,4.0,47.0,1.0,564.0,0.0,1.0,2.0,1
1.0,1.0,0.0,32.0,1.0,4.0,48.0,3.0,576.0,0.0,1.0,1.0,1
1.0,1.0,2.0,48.0,1.0,4.0,45.0,12.0,540.0,0.0,2.0,2.0,1
1.0,0.0,0.0,72.0,1.0,3.0,46.0,46.0,552.0,1.0,1.0,4.0,1
1.0,1.0,2.0,53.0,1.0,3.0,43.0,42.0,516.0,1.0,3.0,4.0,1
1.0,1.0,0.0,60.0,1.0,3.0,43.0,22.0,516.0,1.0,4.0,4.0,1
1.0,0.0,2.0,69.0,1.0,3.0,47.0,37.0,564.0,1.0,5.0,4.0,1
1.0,1.0,1.0,36.0,1.0,3.0,47.0,34.0,564.0,1.0,5.0,4.0,1
1.0,1.0,1.0,47.0,1.0,3.0,44.0,23.0,528.0,1.0,12.0,4.0,1
1.0,0.0,0.0,48.0,1.0,3.0,45.0,20.0,540.0,1.0,14.0,4.0,1
1.0,0.0,2.0,54.0,1.0,3.0,43.0,25.0,516.0,1.0,14.0,4.0,1
0.0,0.0,1.0,57.0,0.0,3.0,51.0,32.0,612.0,1.0,11.0,4.0,1
1.0,1.0,2.0,66.0,1.0,4.0,55.0,14.0,660.0,0.0,2.0,2.0,1
1.0,0.0,0.0,78.0,1.0,3.0,44.0,24.0,528.0,1.0,5.0,4.0,1
1.0,1.0,1.0,39.0,1.0,3.0,45.0,37.0,540.0,1.0,11.0,4.0,1
1.0,0.0,1.0,40.0,1.0,3.0,44.0,18.0,528.0,1.0,10.0,4.0,1
1.0,0.0,2.0,49.0,1.0,3.0,43.0,36.0,516.0,1.0,5.0,4.0,1
1.0,0.0,3.0,52.0,1.0,3.0,44.0,33.0,528.0,1.0,2.0,4.0,1
1.0,0.0,0.0,52.0,1.0,3.0,42.0,20.0,504.0,1.0,11.0,4.0,1
1.0,1.0,3.0,56.0,1.0,3.0,54.0,17.0,648.0,1.0,5.0,4.0,1
1.0,1.0,3.0,56.0,1.0,3.0,44.0,33.0,528.0,1.0,4.0,4.0,1
1.0,1.0,1.0,61.0,1.0,3.0,47.0,46.0,564.0,1.0,2.0,4.0,1
1.0,1.0,0.0,77.0,1.0,3.0,45.0,43.0,540.0,1.0,0.0,4.0,1
1.0,1.0,3.0,22.0,1.0,4.0,42.0,2.0,504.0,0.0,2.0,2.0,1
1.0,1.0,1.0,33.0,1.0,3.0,47.0,29.0,564.0,1.0,13.0,4.0,1
1.0,1.0,3.0,50.0,1.0,3.0,43.0,24.0,516.0,1.0,11.0,4.0,1
1.0,0.0,1.0,54.0,1.0,3.0,45.0,33.0,540.0,1.0,6.0,4.0,1
1.0,1.0,1.0,22.0,1.0,4.0,51.0,1.0,612.0,0.0,1.0,0.0,1
1.0,1.0,1.0,22.0,1.0,4.0,54.0,6.0,648.0,0.0,2.0,0.0,1
1.0,1.0,2.0,22.0,1.0,4.0,55.0,3.0,660.0,0.0,0.0,0.0,1
1.0,1.0,2.0,22.0,1.0,4.0,49.0,3.0,588.0,0.0,1.0,0.0,1
1.0,1.0,3.0,22.0,1.0,4.0,43.0,2.0,516.0,0.0,2.0,0.0,1
1.0,1.0,3.0,28.0,1.0,3.0,51.0,27.0,612.0,1.0,6.0,4.0,1
1.0,0.0,0.0,35.0,1.0,3.0,51.0,43.0,612.0,1.0,8.0,4.0,1
0.0,0.0,0.0,40.0,0.0,3.0,45.0,33.0,540.0,1.0,7.0,4.0,1
0.0,1.0,2.0,41.0,0.0,3.0,43.0,21.0,516.0,1.0,9.0,4.0,1
1.0,1.0,2.0,51.0,1.0,3.0,43.0,37.0,516.0,1.0,3.0,4.0,1
1.0,0.0,3.0,65.0,1.0,3.0,52.0,22.0,624.0,1.0,3.0,4.0,1
1.0,1.0,3.0,76.0,1.0,3.0,44.0,15.0,528.0,1.0,11.0,4.0,1
1.0,1.0,0.0,22.0,1.0,4.0,51.0,13.0,612.0,0.0,2.0,2.0,1
1.0,1.0,0.0,24.0,1.0,4.0,49.0,16.0,588.0,0.0,2.0,0.0,1
1.0,1.0,1.0,43.0,1.0,3.0,45.0,46.0,540.0,1.0,4.0,4.0,1
1.0,0.0,2.0,49.0,1.0,3.0,47.0,18.0,564.0,1.0,7.0,4.0,1
1.0,0.0,1.0,54.0,1.0,3.0,48.0,28.0,576.0,1.0,11.0,4.0,1
1.0,0.0,2.0,55.0,1.0,3.0,44.0,46.0,528.0,1.0,9.0,4.0,1
1.0,1.0,2.0,58.0,1.0,3.0,44.0,23.0,528.0,1.0,8.0,4.0,1
1.0,0.0,2.0,69.0,1.0,3.0,47.0,31.0,564.0,1.0,3.0,4.0,1
1.0,1.0,1.0,24.0,1.0,4.0,54.0,7.0,648.0,0.0,1.0,1.0,1
1.0,1.0,2.0,26.0,1.0,4.0,49.0,15.0,588.0,0.0,0.0,0.0,1
1.0,1.0,1.0,30.0,1.0,4.0,48.0,2.0,576.0,0.0,1.0,2.0,1
1.0,1.0,0.0,33.0,1.0,3.0,47.0,34.0,564.0,1.0,1.0,4.0,1
1.0,0.0,3.0,49.0,1.0,3.0,54.0,27.0,648.0,1.0,1.0,4.0,1
1.0,1.0,1.0,56.0,1.0,3.0,45.0,45.0,540.0,1.0,4.0,4.0,1
1.0,0.0,1.0,64.0,1.0,3.0,48.0,46.0,576.0,1.0,13.0,4.0,1
0.0,1.0,1.0,76.0,0.0,4.0,57.0,12.0,684.0,0.0,1.0,0.0,1
1.0,1.0,2.0,29.0,1.0,3.0,47.0,36.0,564.0,1.0,13.0,4.0,1
1.0,1.0,1.0,30.0,1.0,4.0,54.0,3.0,648.0,0.0,1.0,1.0,1
1.0,0.0,1.0,36.0,1.0,3.0,50.0,42.0,600.0,1.0,5.0,4.0,1
1.0,1.0,1.0,72.0,1.0,3.0,44.0,40.0,528.0,1.0,6.0,4.0,1
1.0,1.0,0.0,30.0,1.0,4.0,43.0,2.0,516.0,0.0,1.0,0.0,1
1.0,1.0,1.0,32.0,1.0,4.0,52.0,4.0,624.0,0.0,1.0,2.0,1
1.0,1.0,1.0,37.0,1.0,4.0,43.0,5.0,516.0,0.0,1.0,0.0,1
1.0,0.0,2.0,43.0,1.0,3.0,48.0,18.0,576.0,1.0,10.0,4.0,1
0.0,1.0,1.0,55.0,0.0,4.0,47.0,15.0,564.0,0.0,1.0,1.0,1
1.0,1.0,1.0,31.0,1.0,3.0,51.0,26.0,612.0,1.0,13.0,4.0,1
1.0,1.0,0.0,33.0,1.0,3.0,49.0,31.0,588.0,1.0,3.0,4.0,1
1.0,1.0,3.0,37.0,1.0,4.0,52.0,8.0,624.0,0.0,2.0,0.0,1
1.0,1.0,1.0,38.0,1.0,4.0,54.0,4.0,648.0,0.0,1.0,1.0,1
1.0,1.0,1.0,39.0,1.0,3.0,45.0,40.0,540.0,1.0,4.0,4.0,1
1.0,1.0,1.0,43.0,1.0,4.0,52.0,2.0,624.0,0.0,2.0,1.0,1
1.0,1.0,1.0,45.0,1.0,4.0,57.0,7.0,684.0,0.0,2.0,1.0,1
1.0,1.0,0.0,45.0,1.0,4.0,58.0,5.0,696.0,0.0,1.0,0.0,1
0.0,1.0,3.0,47.0,0.0,4.0,46.0,15.0,552.0,0.0,1.0,0.0,1
0.0,1.0,1.0,51.0,0.0,4.0,54.0,9.0,648.0,0.0,1.0,2.0,1
1.0,1.0,0.0,68.0,1.0,3.0,43.0,31.0,516.0,1.0,4.0,4.0,1
1.0,1.0,1.0,46.0,1.0,4.0,50.0,13.0,600.0,0.0,2.0,1.0,1
1.0,1.0,1.0,47.0,1.0,4.0,58.0,11.0,696.0,0.0,1.0,2.0,1
1.0,1.0,1.0,49.0,1.0,4.0,47.0,8.0,564.0,0.0,1.0,1.0,1
1.0,1.0,1.0,49.0,1.0,4.0,49.0,7.0,588.0,0.0,1.0,0.0,1
1.0,1.0,1.0,50.0,1.0,4.0,55.0,11.0,660.0,0.0,2.0,1.0,1
1.0,1.0,2.0,50.0,1.0,4.0,57.0,15.0,684.0,0.0,1.0,2.0,1
0.0,1.0,1.0,68.0,0.0,4.0,50.0,4.0,600.0,0.0,2.0,2.0,1
1.0,1.0,2.0,52.0,1.0,4.0,44.0,2.0,528.0,0.0,2.0,2.0,1
1.0,1.0,1.0,53.0,1.0,4.0,48.0,4.0,576.0,0.0,1.0,2.0,1
1.0,1.0,1.0,55.0,1.0,4.0,55.0,2.0,660.0,0.0,1.0,1.0,1
1.0,1.0,1.0,56.0,1.0,4.0,52.0,6.0,624.0,0.0,1.0,2.0,1
0.0,1.0,1.0,62.0,0.0,4.0,53.0,3.0,636.0,0.0,1.0,2.0,1
0.0,1.0,2.0,75.0,0.0,4.0,55.0,2.0,660.0,0.0,1.0,1.0,1
0.0,1.0,3.0,61.0,0.0,4.0,43.0,3.0,516.0,0.0,2.0,0.0,1
1.0,1.0,1.0,62.0,1.0,4.0,54.0,7.0,648.0,0.0,0.0,0.0,1
1.0,1.0,0.0,63.0,1.0,4.0,58.0,8.0,696.0,0.0,1.0,0.0,1
1.0,1.0,0.0,64.0,1.0,4.0,54.0,5.0,648.0,0.0,2.0,2.0,1
1.0,1.0,2.0,65.0,1.0,4.0,55.0,3.0,660.0,0.0,2.0,1.0,1
1.0,1.0,0.0,70.0,1.0,4.0,50.0,5.0,600.0,0.0,1.0,2.0,1
1.0,1.0,3.0,75.0,1.0,4.0,45.0,9.0,540.0,0.0,1.0,1.0,1
1.0,1.0,1.0,76.0,1.0,4.0,55.0,12.0,660.0,0.0,2.0,2.0,1
1.0,1.0,1.0,80.0,1.0,4.0,58.0,3.0,696.0,0.0,1.0,2.0,1
1.0,1.0,1.0,80.0,1.0,4.0,55.0,10.0,660.0,0.0,1.0,1.0,1
1.0,1.0,1.0,80.0,1.0,4.0,53.0,10.0,636.0,0.0,1.0,0.0,1
1.0,1.0,0.0,80.0,1.0,4.0,55.0,2.0,660.0,0.0,2.0,0.0,1
0.0,1.0,3.0,20.0,0.0,0.0,31.0,7.0,372.0,0.0,4.0,3.0,2
0.0,1.0,0.0,27.0,0.0,2.0,32.0,17.0,384.0,0.0,3.0,3.0,2
0.0,1.0,3.0,22.0,0.0,0.0,37.0,45.0,444.0,0.0,4.0,3.0,2
0.0,1.0,2.0,19.0,0.0,2.0,27.0,22.0,324.0,0.0,3.0,3.0,2
0.0,1.0,2.0,20.0,0.0,0.0,31.0,25.0,372.0,0.0,5.0,3.0,2
0.0,1.0,2.0,21.0,0.0,0.0,32.0,46.0,384.0,0.0,4.0,3.0,2
0.0,1.0,0.0,23.0,0.0,2.0,31.0,41.0,372.0,0.0,0.0,3.0,2
0.0,1.0,1.0,26.0,0.0,2.0,35.0,46.0,420.0,0.0,6.0,3.0,2
0.0,1.0,3.0,20.0,0.0,1.0,33.0,10.0,396.0,0.0,0.0,3.0,2
0.0,1.0,0.0,22.0,0.0,1.0,34.0,32.0,408.0,0.0,4.0,3.0,2
0.0,1.0,2.0,23.0,0.0,0.0,33.0,38.0,396.0,0.0,6.0,3.0,2
1.0,1.0,3.0,25.0,0.0,1.0,33.0,42.0,396.0,0.0,0.0,3.0,2
0.0,1.0,2.0,25.0,0.0,0.0,32.0,20.0,384.0,0.0,3.0,3.0,2
0.0,1.0,3.0,27.0,0.0,1.0,28.0,24.0,336.0,0.0,3.0,3.0,2
0.0,1.0,0.0,28.0,0.0,1.0,36.0,40.0,432.0,0.0,2.0,3.0,2
0.0,1.0,1.0,29.0,0.0,1.0,35.0,9.0,420.0,0.0,2.0,3.0,2
0.0,1.0,0.0,18.0,0.0,0.0,36.0,22.0,432.0,0.0,6.0,3.0,2
0.0,1.0,3.0,19.0,0.0,2.0,34.0,11.0,408.0,0.0,5.0,3.0,2
0.0,1.0,3.0,19.0,0.0,1.0,33.0,42.0,396.0,0.0,3.0,3.0,2
0.0,1.0,2.0,20.0,0.0,1.0,31.0,44.0,372.0,0.0,2.0,3.0,2
0.0,1.0,1.0,22.0,0.0,2.0,35.0,8.0,420.0,0.0,4.0,3.0,2
0.0,1.0,3.0,25.0,0.0,0.0,38.0,2.0,456.0,0.0,6.0,3.0,2
0.0,1.0,2.0,25.0,0.0,2.0,33.0,2.0,396.0,0.0,4.0,3.0,2
0.0,1.0,3.0,26.0,0.0,0.0,32.0,16.0,384.0,0.0,1.0,3.0,2
0.0,1.0,0.0,26.0,0.0,0.0,32.0,26.0,384.0,0.0,2.0,3.0,2
0.0,1.0,1.0,26.0,0.0,1.0,36.0,33.0,432.0,0.0,6.0,3.0,2
0.0,1.0,1.0,27.0,0.0,1.0,35.0,26.0,420.0,0.0,5.0,3.0,2
0.0,1.0,2.0,28.0,0.0,1.0,34.0,46.0,408.0,0.0,6.0,3.0,2
0.0,1.0,2.0,20.0,0.0,1.0,32.0,43.0,384.0,0.0,2.0,3.0,2
0.0,1.0,0.0,20.0,0.0,0.0,36.0,47.0,432.0,0.0,2.0,3.0,2
0.0,1.0,2.0,21.0,0.0,1.0,28.0,37.0,336.0,0.0,3.0,3.0,2
0.0,1.0,2.0,21.0,0.0,1.0,33.0,13.0,396.0,0.0,5.0,3.0,2
0.0,1.0,3.0,24.0,0.0,2.0,32.0,16.0,384.0,0.0,2.0,3.0,2
0.0,1.0,1.0,24.0,0.0,0.0,34.0,42.0,408.0,0.0,2.0,3.0,2
0.0,1.0,0.0,26.0,0.0,1.0,38.0,38.0,456.0,0.0,5.0,3.0,2
0.0,1.0,2.0,28.0,0.0,2.0,34.0,5.0,408.0,0.0,3.0,3.0,2
0.0,1.0,1.0,30.0,0.0,2.0,34.0,6.0,408.0,0.0,5.0,3.0,2
0.0,1.0,1.0,19.0,0.0,0.0,26.0,23.0,312.0,0.0,2.0,3.0,2
0.0,1.0,1.0,20.0,0.0,0.0,35.0,38.0,420.0,0.0,2.0,3.0,2
0.0,1.0,0.0,21.0,0.0,0.0,33.0,12.0,396.0,0.0,4.0,3.0,2
0.0,1.0,2.0,22.0,0.0,0.0,35.0,24.0,420.0,0.0,1.0,3.0,2
0.0,1.0,2.0,23.0,0.0,1.0,35.0,41.0,420.0,0.0,4.0,3.0,2
0.0,1.0,1.0,25.0,0.0,2.0,39.0,10.0,468.0,0.0,6.0,3.0,2
0.0,1.0,0.0,18.0,0.0,0.0,29.0,43.0,348.0,0.0,1.0,3.0,2
0.0,1.0,1.0,19.0,0.0,2.0,34.0,1.0,408.0,0.0,3.0,3.0,2
0.0,1.0,3.0,20.0,0.0,2.0,31.0,21.0,372.0,0.0,2.0,3.0,2
0.0,1.0,2.0,21.0,0.0,1.0,28.0,31.0,336.0,0.0,4.0,3.0,2
0.0,1.0,2.0,22.0,0.0,0.0,33.0,20.0,396.0,0.0,5.0,3.0,2
0.0,1.0,2.0,23.0,0.0,2.0,33.0,23.0,396.0,0.0,0.0,3.0,2
0.0,1.0,2.0,24.0,0.0,1.0,36.0,48.0,432.0,0.0,5.0,3.0,2
1.0,1.0,0.0,29.0,0.0,2.0,32.0,20.0,384.0,0.0,3.0,3.0,2
0.0,1.0,0.0,18.0,0.0,1.0,29.0,12.0,348.0,0.0,3.0,3.0,2
0.0,1.0,1.0,21.0,0.0,1.0,32.0,21.0,384.0,0.0,2.0,3.0,2
0.0,1.0,1.0,23.0,0.0,2.0,36.0,14.0,432.0,0.0,5.0,3.0,2
0.0,1.0,0.0,25.0,0.0,1.0,31.0,1.0,372.0,0.0,0.0,3.0,2
0.0,1.0,0.0,27.0,0.0,1.0,34.0,19.0,408.0,0.0,3.0,3.0,2
0.0,1.0,3.0,29.0,0.0,2.0,30.0,41.0,360.0,0.0,5.0,3.0,2
0.0,1.0,0.0,20.0,0.0,0.0,29.0,36.0,348.0,0.0,6.0,3.0,2
0.0,1.0,0.0,23.0,0.0,2.0,37.0,30.0,444.0,0.0,2.0,3.0,2
0.0,1.0,3.0,24.0,0.0,2.0,28.0,33.0,336.0,0.0,2.0,3.0,2
0.0,1.0,1.0,26.0,0.0,1.0,34.0,2.0,408.0,0.0,4.0,3.0,2
1.0,1.0,0.0,27.0,0.0,0.0,26.0,31.0,312.0,0.0,1.0,0.0,2
0.0,1.0,1.0,29.0,0.0,0.0,34.0,36.0,408.0,0.0,2.0,3.0,2
0.0,1.0,2.0,30.0,0.0,2.0,32.0,4.0,384.0,0.0,1.0,3.0,2
0.0,1.0,2.0,18.0,0.0,0.0,35.0,27.0,420.0,0.0,0.0,3.0,2
0.0,1.0,3.0,26.0,0.0,2.0,34.0,38.0,408.0,0.0,3.0,3.0,2
0.0,1.0,2.0,29.0,0.0,2.0,29.0,19.0,348.0,0.0,4.0,3.0,2
1.0,1.0,0.0,80.0,1.0,3.0,30.0,37.0,360.0,1.0,11.0,4.0,2
1.0,1.0,0.0,51.0,1.0,3.0,38.0,28.0,456.0,1.0,2.0,4.0,2
1.0,0.0,1.0,72.0,1.0,3.0,39.0,14.0,468.0,1.0,13.0,4.0,2
1.0,0.0,1.0,57.0,1.0,3.0,36.0,26.0,432.0,1.0,9.0,4.0,2
1.0,1.0,3.0,60.0,1.0,3.0,32.0,41.0,384.0,1.0,6.0,4.0,2
1.0,0.0,2.0,43.0,1.0,3.0,41.0,41.0,492.0,1.0,11.0,4.0,2
0.0,1.0,3.0,43.0,0.0,3.0,38.0,35.0,456.0,1.0,13.0,4.0,2
0.0,0.0,1.0,51.0,0.0,3.0,41.0,37.0,492.0,1.0,4.0,4.0,2
1.0,0.0,2.0,66.0,1.0,3.0,34.0,34.0,408.0,1.0,1.0,4.0,2
1.0,1.0,3.0,67.0,1.0,3.0,39.0,21.0,468.0,1.0,7.0,4.0,2
1.0,1.0,0.0,40.0,1.0,3.0,36.0,32.0,432.0,1.0,5.0,4.0,2
1.0,1.0,2.0,51.0,1.0,3.0,34.0,16.0,408.0,1.0,9.0,4.0,2
1.0,1.0,1.0,62.0,1.0,3.0,38.0,24.0,456.0,1.0,0.0,4.0,2
1.0,1.0,3.0,63.0,1.0,3.0,31.0,22.0,372.0,1.0,9.0,4.0,2
0.0,1.0,3.0,64.0,0.0,3.0,41.0,34.0,492.0,1.0,11.0,4.0,2
1.0,0.0,0.0,66.0,1.0,3.0,34.0,31.0,408.0,1.0,2.0,4.0,2
1.0,0.0,0.0,77.0,1.0,3.0,33.0,26.0,396.0,1.0,1.0,4.0,2
0.0,1.0,2.0,79.0,0.0,3.0,41.0,43.0,492.0,1.0,13.0,4.0,2
1.0,1.0,0.0,80.0,1.0,3.0,35.0,42.0,420.0,1.0,4.0,4.0,2
1.0,0.0,0.0,60.0,1.0,3.0,34.0,32.0,408.0,1.0,1.0,4.0,2
1.0,1.0,1.0,61.0,1.0,3.0,35.0,16.0,420.0,1.0,10.0,4.0,2
1.0,1.0,1.0,74.0,1.0,3.0,39.0,46.0,468.0,1.0,10.0,4.0,2
1.0,0.0,0.0,34.0,1.0,3.0,39.0,17.0,468.0,1.0,5.0,4.0,2
1.0,0.0,3.0,34.0,1.0,3.0,35.0,29.0,420.0,1.0,5.0,4.0,2
1.0,1.0,1.0,38.0,1.0,3.0,40.0,40.0,480.0,1.0,4.0,4.0,2
1.0,1.0,1.0,39.0,1.0,3.0,36.0,41.0,432.0,1.0,0.0,4.0,2
1.0,0.0,1.0,55.0,1.0,3.0,35.0,13.0,420.0,1.0,4.0,4.0,2
1.0,1.0,3.0,76.0,1.0,3.0,32.0,26.0,384.0,1.0,13.0,4.0,2
1.0,0.0,2.0,28.0,1.0,3.0,40.0,15.0,480.0,1.0,9.0,4.0,2
1.0,1.0,1.0,28.0,1.0,3.0,40.0,44.0,480.0,1.0,11.0,4.0,2
1.0,1.0,1.0,32.0,1.0,3.0,28.0,35.0,336.0,1.0,8.0,4.0,2
0.0,0.0,0.0,41.0,0.0,3.0,36.0,38.0,432.0,1.0,2.0,4.0,2
1.0,0.0,0.0,47.0,1.0,3.0,35.0,35.0,420.0,1.0,13.0,4.0,2
1.0,0.0,0.0,52.0,1.0,3.0,38.0,37.0,456.0,1.0,5.0,4.0,2
1.0,0.0,1.0,55.0,1.0,3.0,37.0,43.0,444.0,1.0,13.0,4.0,2
1.0,0.0,0.0,61.0,1.0,3.0,38.0,33.0,456.0,1.0,5.0,4.0,2
1.0,0.0,3.0,75.0,1.0,3.0,36.0,35.0,432.0,1.0,6.0,4.0,2
0.0,1.0,3.0,32.0,0.0,3.0,40.0,31.0,480.0,1.0,3.0,4.0,2
1.0,1.0,2.0,48.0,1.0,3.0,34.0,46.0,408.0,1.0,2.0,4.0,2
1.0,0.0,0.0,50.0,1.0,3.0,36.0,41.0,432.0,1.0,0.0,4.0,2
1.0,0.0,0.0,52.0,1.0,3.0,33.0,19.0,396.0,1.0,8.0,4.0,2
1.0,1.0,0.0,78.0,1.0,3.0,40.0,43.0,480.0,1.0,11.0,4.0,2
1.0,1.0,2.0,27.0,1.0,3.0,41.0,28.0,492.0,1.0,12.0,4.0,2
1.0,0.0,0.0,34.0,1.0,3.0,37.0,21.0,444.0,1.0,3.0,4.0,2
1.0,0.0,0.0,37.0,1.0,3.0,40.0,33.0,480.0,1.0,13.0,4.0,2
1.0,1.0,2.0,68.0,1.0,3.0,35.0,40.0,420.0,1.0,3.0,4.0,2
1.0,1.0,3.0,78.0,1.0,3.0,35.0,13.0,420.0,1.0,12.0,4.0,2
1.0,1.0,1.0,37.0,1.0,4.0,33.0,8.0,396.0,0.0,0.0,1.0,2
1.0,1.0,1.0,28.0,1.0,3.0,40.0,18.0,480.0,1.0,6.0,4.0,2
0.0,1.0,1.0,39.0,0.0,4.0,39.0,14.0,468.0,0.0,1.0,0.0,2
1.0,0.0,0.0,49.0,1.0,3.0,38.0,14.0,456.0,1.0,5.0,4.0,2
1.0,0.0,2.0,49.0,1.0,3.0,38.0,43.0,456.0,1.0,5.0,4.0,2
1.0,1.0,0.0,64.0,1.0,3.0,35.0,21.0,420.0,1.0,12.0,4.0,2
1.0,1.0,1.0,74.0,1.0,3.0,41.0,34.0,492.0,1.0,7.0,4.0,2
1.0,1.0,2.0,38.0,1.0,4.0,38.0,16.0,456.0,0.0,1.0,1.0,2
1.0,0.0,3.0,64.0,1.0,3.0,40.0,37.0,480.0,1.0,3.0,4.0,2
1.0,1.0,3.0,67.0,1.0,4.0,41.0,9.0,492.0,0.0,1.0,1.0,2
0.0,1.0,2.0,57.0,0.0,4.0,27.0,1.0,324.0,0.0,2.0,1.0,2
1.0,1.0,0.0,75.0,1.0,3.0,31.0,21.0,372.0,1.0,2.0,4.0,2
1.0,1.0,1.0,69.0,1.0,4.0,31.0,4.0,372.0,0.0,0.0,1.0,2
1.0,1.0,1.0,63.0,1.0,4.0,26.0,15.0,312.0,0.0,2.0,0.0,2
0.0,1.0,1.0,43.0,0.0,4.0,39.0,7.0,468.0,0.0,1.0,2.0,2
0.0,1.0,0.0,29.0,0.0,1.0,35.0,17.0,420.0,0.0,3.0,3.0,2
0.0,1.0,2.0,23.0,0.0,2.0,31.0,19.0,372.0,0.0,3.0,3.0,2
0.0,1.0,1.0,27.0,0.0,1.0,32.0,17.0,384.0,0.0,3.0,3.0,2
0.0,1.0,2.0,22.0,0.0,0.0,28.0,3.0,336.0,0.0,4.0,3.0,2
0.0,1.0,0.0,19.0,0.0,1.0,33.0,33.0,396.0,0.0,4.0,3.0,2
0.0,1.0,1.0,22.0,0.0,1.0,32.0,21.0,384.0,0.0,5.0,3.0,2
0.0,1.0,3.0,23.0,0.0,2.0,35.0,36.0,420.0,0.0,1.0,3.0,2
0.0,1.0,1.0,25.0,0.0,2.0,31.0,16.0,372.0,0.0,6.0,3.0,2
0.0,1.0,2.0,26.0,0.0,1.0,37.0,5.0,444.0,0.0,4.0,3.0,2
0.0,1.0,2.0,30.0,0.0,1.0,36.0,42.0,432.0,0.0,4.0,3.0,2
1.0,1.0,3.0,60.0,0.0,2.0,27.0,39.0,324.0,0.0,1.0,2.0,2
1.0,0.0,0.0,74.0,0.0,2.0,27.0,33.0,324.0,0.0,2.0,0.0,2
0.0,1.0,3.0,18.0,0.0,0.0,35.0,17.0,420.0,0.0,5.0,3.0,2
0.0,1.0,2.0,20.0,0.0,1.0,32.0,9.0,384.0,0.0,1.0,3.0,2
0.0,1.0,0.0,20.0,0.0,2.0,34.0,37.0,408.0,0.0,4.0,3.0,2
1.0,1.0,3.0,23.0,0.0,2.0,34.0,24.0,408.0,0.0,4.0,3.0,2
0.0,1.0,1.0,24.0,0.0,2.0,36.0,4.0,432.0,0.0,2.0,3.0,2
0.0,1.0,1.0,25.0,0.0,1.0,27.0,16.0,324.0,0.0,1.0,3.0,2
0.0,1.0,1.0,25.0,0.0,1.0,36.0,11.0,432.0,0.0,6.0,3.0,2
0.0,1.0,3.0,27.0,0.0,2.0,36.0,9.0,432.0,0.0,1.0,3.0,2
0.0,1.0,3.0,19.0,0.0,1.0,39.0,9.0,468.0,0.0,3.0,3.0,2
0.0,1.0,3.0,20.0,0.0,2.0,35.0,43.0,420.0,0.0,0.0,3.0,2
0.0,1.0,0.0,21.0,0.0,1.0,35.0,32.0,420.0,0.0,4.0,3.0,2
0.0,1.0,1.0,24.0,0.0,2.0,36.0,23.0,432.0,0.0,5.0,3.0,2
0.0,1.0,1.0,24.0,0.0,2.0,32.0,32.0,384.0,0.0,1.0,3.0,2
1.0,1.0,2.0,25.0,0.0,0.0,27.0,29.0,324.0,0.0,2.0,3.0,2
0.0,1.0,3.0,25.0,0.0,0.0,32.0,27.0,384.0,0.0,2.0,3.0,2
1.0,1.0,3.0,19.0,0.0,2.0,40.0,21.0,480.0,0.0,1.0,3.0,2
0.0,1.0,3.0,20.0,0.0,1.0,30.0,45.0,360.0,0.0,5.0,3.0,2
0.0,1.0,0.0,20.0,0.0,1.0,34.0,13.0,408.0,0.0,5.0,3.0,2
1.0,1.0,1.0,21.0,0.0,1.0,38.0,24.0,456.0,0.0,2.0,3.0,2
0.0,1.0,0.0,23.0,0.0,0.0,32.0,47.0,384.0,0.0,2.0,3.0,2
0.0,1.0,0.0,26.0,0.0,0.0,30.0,47.0,360.0,0.0,1.0,3.0,2
0.0,1.0,0.0,27.0,0.0,0.0,33.0,12.0,396.0,0.0,5.0,3.0,2
0.0,1.0,1.0,27.0,0.0,0.0,35.0,10.0,420.0,0.0,0.0,3.0,2
0.0,1.0,1.0,27.0,0.0,1.0,36.0,39.0,432.0,0.0,1.0,3.0,2
0.0,1.0,1.0,21.0,0.0,0.0,32.0,5.0,384.0,0.0,2.0,3.0,2
0.0,1.0,1.0,21.0,0.0,2.0,35.0,33.0,420.0,0.0,6.0,3.0,2
0.0,1.0,2.0,21.0,0.0,2.0,34.0,5.0,408.0,0.0,4.0,3.0,2
0.0,1.0,2.0,22.0,0.0,2.0,38.0,34.0,456.0,0.0,4.0,3.0,2
0.0,1.0,1.0,25.0,0.0,0.0,35.0,48.0,420.0,0.0,0.0,3.0,2
0.0,1.0,0.0,27.0,0.0,0.0,29.0,46.0,348.0,0.0,4.0,3.0,2
0.0,1.0,0.0,27.0,0.0,0.0,35.0,9.0,420.0,0.0,1.0,3.0,2
0.0,1.0,3.0,29.0,0.0,2.0,35.0,10.0,420.0,0.0,5.0,3.0,2
0.0,1.0,1.0,30.0,0.0,2.0,31.0,44.0,372.0,0.0,4.0,3.0,2
1.0,1.0,2.0,18.0,0.0,1.0,37.0,48.0,444.0,0.0,0.0,3.0,2
1.0,1.0,1.0,21.0,0.0,0.0,33.0,29.0,396.0,0.0,2.0,3.0,2
0.0,1.0,3.0,22.0,0.0,2.0,34.0,9.0,408.0,0.0,4.0,3.0,2
0.0,1.0,0.0,28.0,0.0,0.0,34.0,39.0,408.0,0.0,3.0,3.0,2
0.0,1.0,3.0,29.0,0.0,1.0,31.0,22.0,372.0,0.0,5.0,3.0,2
0.0,1.0,1.0,25.0,0.0,0.0,31.0,6.0,372.0,0.0,2.0,3.0,2
0.0,1.0,2.0,26.0,0.0,2.0,28.0,14.0,336.0,0.0,1.0,3.0,2
0.0,1.0,0.0,26.0,0.0,2.0,29.0,22.0,348.0,0.0,4.0,3.0,2
0.0,1.0,3.0,28.0,0.0,2.0,38.0,9.0,456.0,0.0,5.0,3.0,2
0.0,1.0,0.0,20.0,0.0,0.0,32.0,5.0,384.0,0.0,4.0,3.0,2
0.0,1.0,0.0,24.0,0.0,1.0,37.0,23.0,444.0,0.0,4.0,3.0,2
0.0,1.0,3.0,27.0,0.0,0.0,34.0,24.0,408.0,0.0,3.0,3.0,2
1.0,1.0,2.0,30.0,0.0,0.0,36.0,4.0,432.0,0.0,2.0,3.0,2
0.0,1.0,3.0,22.0,0.0,0.0,34.0,27.0,408.0,0.0,2.0,3.0,2
0.0,1.0,2.0,23.0,0.0,1.0,34.0,3.0,408.0,0.0,0.0,3.0,2
0.0,1.0,3.0,29.0,0.0,0.0,32.0,39.0,384.0,0.0,2.0,3.0,2
0.0,1.0,3.0,25.0,0.0,1.0,35.0,41.0,420.0,0.0,6.0,3.0,2
0.0,1.0,3.0,26.0,0.0,2.0,33.0,45.0,396.0,0.0,5.0,3.0,2
0.0,1.0,0.0,27.0,0.0,0.0,30.0,30.0,360.0,0.0,0.0,3.0,2
1.0,0.0,3.0,32.0,1.0,3.0,41.0,25.0,492.0,1.0,2.0,4.0,2
1.0,1.0,1.0,44.0,1.0,3.0,35.0,17.0,420.0,1.0,5.0,4.0,2
1.0,0.0,3.0,71.0,1.0,3.0,36.0,43.0,432.0,1.0,5.0,4.0,2
1.0,0.0,3.0,32.0,1.0,3.0,40.0,30.0,480.0,1.0,12.0,4.0,2
1.0,1.0,3.0,48.0,1.0,3.0,29.0,35.0,348.0,1.0,2.0,4.0,2
0.0,0.0,3.0,61.0,0.0,3.0,38.0,48.0,456.0,1.0,11.0,4.0,2
0.0,1.0,1.0,30.0,0.0,3.0,36.0,28.0,432.0,1.0,10.0,4.0,2
0.0,0.0,0.0,36.0,0.0,3.0,35.0,26.0,420.0,1.0,10.0,4.0,2
1.0,1.0,2.0,22.0,1.0,4.0,35.0,12.0,420.0,0.0,2.0,0.0,2
1.0,1.0,2.0,39.0,1.0,3.0,36.0,47.0,432.0,1.0,9.0,4.0,2
1.0,0.0,2.0,48.0,1.0,3.0,34.0,27.0,408.0,1.0,8.0,4.0,2
1.0,1.0,2.0,48.0,1.0,3.0,39.0,20.0,468.0,1.0,10.0,4.0,2
1.0,0.0,0.0,55.0,1.0,3.0,30.0,25.0,360.0,1.0,0.0,4.0,2
1.0,0.0,3.0,67.0,1.0,3.0,40.0,30.0,480.0,1.0,14.0,4.0,2
0.0,1.0,2.0,27.0,0.0,3.0,37.0,19.0,444.0,1.0,5.0,4.0,2
1.0,1.0,3.0,31.0,1.0,3.0,39.0,28.0,468.0,1.0,2.0,4.0,2
1.0,1.0,2.0,35.0,1.0,3.0,31.0,24.0,372.0,1.0,11.0,4.0,2
1.0,0.0,0.0,48.0,1.0,3.0,36.0,15.0,432.0,1.0,1.0,4.0,2
1.0,0.0,3.0,64.0,1.0,3.0,39.0,40.0,468.0,1.0,10.0,4.0,2
1.0,0.0,3.0,72.0,1.0,3.0,37.0,23.0,444.0,1.0,7.0,4.0,2
1.0,1.0,0.0,30.0,1.0,3.0,35.0,13.0,420.0,1.0,2.0,4.0,2
0.0,1.0,0.0,37.0,0.0,3.0,37.0,20.0,444.0,1.0,2.0,4.0,2
1.0,1.0,3.0,56.0,1.0,3.0,36.0,33.0,432.0,1.0,10.0,4.0,2
1.0,1.0,3.0,58.0,1.0,3.0,39.0,32.0,468.0,1.0,2.0,4.0,2
1.0,0.0,1.0,60.0,1.0,3.0,38.0,23.0,456.0,1.0,11.0,4.0,2
1.0,0.0,0.0,60.0,1.0,3.0,40.0,30.0,480.0,1.0,2.0,4.0,2
1.0,0.0,2.0,65.0,1.0,3.0,40.0,35.0,480.0,1.0,11.0,4.0,2
1.0,1.0,2.0,67.0,1.0,3.0,37.0,47.0,444.0,1.0,0.0,4.0,2
1.0,0.0,1.0,67.0,1.0,3.0,41.0,23.0,492.0,1.0,10.0,4.0,2
1.0,0.0,1.0,76.0,1.0,3.0,35.0,21.0,420.0,1.0,1.0,4.0,2
1.0,1.0,3.0,38.0,1.0,3.0,40.0,33.0,480.0,1.0,0.0,4.0,2
0.0,1.0,1.0,40.0,0.0,3.0,37.0,18.0,444.0,1.0,7.0,4.0,2
1.0,1.0,1.0,56.0,1.0,3.0,41.0,40.0,492.0,1.0,5.0,4.0,2
1.0,1.0,3.0,62.0,1.0,3.0,35.0,43.0,420.0,1.0,8.0,4.0,2
1.0,0.0,3.0,70.0,1.0,3.0,40.0,17.0,480.0,1.0,1.0,4.0,2
1.0,1.0,3.0,72.0,1.0,3.0,34.0,24.0,408.0,1.0,11.0,4.0,2
1.0,1.0,2.0,76.0,1.0,3.0,37.0,22.0,444.0,1.0,3.0,4.0,2
1.0,1.0,3.0,77.0,1.0,3.0,39.0,21.0,468.0,1.0,1.0,4.0,2
1.0,0.0,3.0,78.0,1.0,3.0,33.0,22.0,396.0,1.0,5.0,4.0,2
1.0,0.0,1.0,79.0,1.0,3.0,37.0,44.0,444.0,1.0,4.0,4.0,2
1.0,0.0,1.0,48.0,1.0,3.0,39.0,27.0,468.0,1.0,1.0,4.0,2
1.0,1.0,2.0,63.0,1.0,3.0,40.0,31.0,480.0,1.0,10.0,4.0,2
1.0,1.0,1.0,38.0,1.0,4.0,40.0,11.0,480.0,0.0,1.0,0.0,2
1.0,1.0,3.0,50.0,1.0,3.0,35.0,15.0,420.0,1.0,4.0,4.0,2
1.0,1.0,3.0,72.0,1.0,3.0,36.0,38.0,432.0,1.0,4.0,4.0,2
1.0,1.0,1.0,42.0,1.0,4.0,36.0,10.0,432.0,0.0,2.0,2.0,2
1.0,1.0,2.0,52.0,1.0,3.0,39.0,27.0,468.0,1.0,4.0,4.0,2
1.0,0.0,2.0,60.0,1.0,3.0,41.0,31.0,492.0,1.0,10.0,4.0,2
0.0,1.0,0.0,64.0,0.0,4.0,26.0,13.0,312.0,0.0,2.0,0.0,2
1.0,1.0,2.0,53.0,1.0,3.0,37.0,30.0,444.0,1.0,8.0,4.0,2
1.0,0.0,1.0,57.0,1.0,3.0,39.0,18.0,468.0,1.0,0.0,4.0,2
1.0,0.0,0.0,30.0,0.0,0.0,14.0,15.0,168.0,0.0,2.0,0.0,3
1.0,1.0,1.0,51.0,1.0,2.0,20.0,39.0,240.0,0.0,1.0,0.0,3
1.0,0.0,0.0,44.0,1.0,2.0,18.0,25.0,216.0,0.0,0.0,1.0,3
1.0,1.0,1.0,45.0,1.0,0.0,18.0,3.0,216.0,0.0,1.0,2.0,3
1.0,0.0,0.0,54.0,0.0,0.0,16.0,18.0,192.0,0.0,0.0,1.0,3
1.0,0.0,0.0,41.0,0.0,0.0,14.0,38.0,168.0,0.0,0.0,0.0,3
1.0,0.0,0.0,46.0,0.0,2.0,19.0,34.0,228.0,0.0,1.0,2.0,3
1.0,0.0,0.0,51.0,1.0,0.0,18.0,46.0,216.0,0.0,0.0,1.0,3
1.0,1.0,0.0,53.0,0.0,2.0,20.0,42.0,240.0,0.0,2.0,0.0,3
1.0,0.0,0.0,59.0,0.0,0.0,14.0,2.0,168.0,0.0,1.0,2.0,3
1.0,0.0,0.0,35.0,1.0,2.0,15.0,8.0,180.0,0.0,1.0,2.0,3
1.0,1.0,0.0,35.0,1.0,2.0,21.0,47.0,252.0,0.0,0.0,1.0,3
1.0,1.0,0.0,52.0,1.0,2.0,20.0,26.0,240.0,0.0,0.0,1.0,3
0.0,0.0,0.0,52.0,0.0,2.0,17.0,41.0,204.0,0.0,0.0,2.0,3
1.0,1.0,0.0,63.0,0.0,2.0,21.0,9.0,252.0,0.0,0.0,2.0,3
1.0,0.0,0.0,24.0,0.0,0.0,15.0,25.0,180.0,0.0,1.0,1.0,3
1.0,0.0,0.0,25.0,1.0,2.0,13.0,44.0,156.0,0.0,2.0,0.0,3
1.0,1.0,0.0,29.0,0.0,2.0,17.0,22.0,204.0,0.0,1.0,0.0,3
1.0,0.0,0.0,31.0,0.0,2.0,18.0,11.0,216.0,0.0,0.0,1.0,3
1.0,0.0,0.0,34.0,1.0,0.0,17.0,31.0,204.0,0.0,0.0,2.0,3
1.0,0.0,0.0,35.0,0.0,0.0,12.0,17.0,144.0,0.0,1.0,2.0,3
1.0,1.0,0.0,38.0,0.0,2.0,12.0,21.0,144.0,0.0,0.0,1.0,3
1.0,0.0,0.0,38.0,0.0,2.0,17.0,11.0,204.0,0.0,1.0,0.0,3
0.0,1.0,0.0,39.0,0.0,0.0,18.0,25.0,216.0,0.0,1.0,2.0,3
0.0,1.0,0.0,40.0,1.0,2.0,14.0,44.0,168.0,0.0,0.0,0.0,3
1.0,1.0,1.0,41.0,0.0,2.0,15.0,17.0,180.0,0.0,2.0,2.0,3
1.0,1.0,2.0,47.0,1.0,0.0,20.0,7.0,240.0,0.0,2.0,1.0,3
1.0,0.0,0.0,48.0,1.0,2.0,17.0,11.0,204.0,0.0,0.0,0.0,3
1.0,1.0,0.0,55.0,0.0,2.0,16.0,2.0,192.0,0.0,2.0,0.0,3
1.0,0.0,0.0,59.0,1.0,0.0,12.0,44.0,144.0,0.0,2.0,2.0,3
1.0,1.0,0.0,60.0,0.0,2.0,16.0,25.0,192.0,0.0,1.0,0.0,3
0.0,0.0,0.0,72.0,1.0,0.0,16.0,21.0,192.0,0.0,2.0,0.0,3
0.0,1.0,0.0,24.0,1.0,0.0,16.0,29.0,192.0,0.0,0.0,0.0,3
1.0,1.0,0.0,26.0,0.0,2.0,18.0,40.0,216.0,0.0,0.0,2.0,3
1.0,0.0,0.0,26.0,0.0,0.0,15.0,35.0,180.0,0.0,1.0,2.0,3
1.0,0.0,1.0,33.0,1.0,2.0,20.0,40.0,240.0,0.0,1.0,2.0,3
0.0,1.0,0.0,33.0,1.0,0.0,15.0,37.0,180.0,0.0,2.0,2.0,3
1.0,0.0,0.0,36.0,0.0,0.0,16.0,8.0,192.0,0.0,2.0,1.0,3
1.0,1.0,0.0,38.0,0.0,0.0,16.0,30.0,192.0,0.0,2.0,0.0,3
1.0,0.0,0.0,51.0,0.0,0.0,11.0,16.0,132.0,0.0,1.0,0.0,3
1.0,0.0,0.0,56.0,1.0,0.0,10.0,24.0,120.0,0.0,1.0,0.0,3
1.0,1.0,0.0,58.0,1.0,0.0,22.0,30.0,264.0,0.0,1.0,1.0,3
0.0,0.0,0.0,63.0,0.0,0.0,18.0,4.0,216.0,0.0,2.0,1.0,3
1.0,0.0,0.0,63.0,1.0,2.0,20.0,16.0,240.0,0.0,0.0,1.0,3
0.0,0.0,0.0,66.0,1.0,2.0,18.0,30.0,216.0,0.0,1.0,1.0,3
1.0,1.0,0.0,68.0,1.0,0.0,19.0,32.0,228.0,0.0,0.0,0.0,3
1.0,1.0,0.0,69.0,0.0,0.0,20.0,13.0,240.0,0.0,2.0,0.0,3
1.0,0.0,0.0,70.0,1.0,2.0,17.0,43.0,204.0,0.0,2.0,0.0,3
1.0,0.0,1.0,72.0,0.0,2.0,12.0,1.0,144.0,0.0,2.0,1.0,3
1.0,1.0,0.0,75.0,0.0,0.0,16.0,43.0,192.0,0.0,2.0,2.0,3
1.0,0.0,0.0,76.0,0.0,0.0,25.0,4.0,300.0,0.0,2.0,2.0,3
0.0,0.0,0.0,77.0,0.0,0.0,17.0,10.0,204.0,0.0,2.0,0.0,3
1.0,1.0,0.0,78.0,0.0,0.0,10.0,18.0,120.0,0.0,1.0,2.0,3
0.0,1.0,0.0,78.0,0.0,0.0,18.0,31.0,216.0,0.0,2.0,0.0,3
1.0,1.0,0.0,24.0,0.0,2.0,17.0,31.0,204.0,0.0,0.0,2.0,3
1.0,0.0,0.0,26.0,1.0,0.0,11.0,10.0,132.0,0.0,1.0,2.0,3
1.0,0.0,0.0,27.0,0.0,2.0,16.0,14.0,192.0,0.0,2.0,1.0,3
1.0,1.0,0.0,30.0,1.0,0.0,14.0,8.0,168.0,0.0,2.0,0.0,3
1.0,1.0,0.0,37.0,1.0,2.0,19.0,44.0,228.0,0.0,0.0,1.0,3
1.0,0.0,0.0,38.0,0.0,0.0,19.0,20.0,228.0,0.0,2.0,1.0,3
1.0,1.0,0.0,39.0,1.0,2.0,17.0,5.0,204.0,0.0,1.0,1.0,3
1.0,0.0,0.0,41.0,1.0,2.0,22.0,5.0,264.0,0.0,1.0,2.0,3
1.0,0.0,0.0,42.0,1.0,2.0,16.0,16.0,192.0,0.0,1.0,1.0,3
1.0,0.0,0.0,44.0,0.0,2.0,20.0,9.0,240.0,0.0,1.0,2.0,3
1.0,1.0,0.0,48.0,1.0,0.0,10.0,20.0,120.0,0.0,1.0,1.0,3
1.0,0.0,0.0,53.0,1.0,2.0,17.0,7.0,204.0,0.0,1.0,0.0,3
1.0,0.0,1.0,53.0,0.0,0.0,19.0,43.0,228.0,0.0,2.0,2.0,3
1.0,0.0,1.0,54.0,1.0,0.0,20.0,8.0,240.0,0.0,0.0,2.0,3
1.0,0.0,0.0,55.0,0.0,2.0,12.0,41.0,144.0,0.0,0.0,1.0,3
0.0,0.0,0.0,55.0,1.0,0.0,15.0,31.0,180.0,0.0,1.0,2.0,3
1.0,0.0,0.0,55.0,1.0,0.0,16.0,47.0,192.0,0.0,1.0,2.0,3
1.0,1.0,0.0,58.0,1.0,2.0,17.0,16.0,204.0,0.0,0.0,2.0,3
1.0,0.0,1.0,65.0,0.0,2.0,15.0,39.0,180.0,0.0,1.0,0.0,3
1.0,1.0,0.0,67.0,0.0,2.0,18.0,31.0,216.0,0.0,2.0,0.0,3
1.0,0.0,1.0,67.0,1.0,0.0,23.0,24.0,276.0,0.0,1.0,0.0,3
1.0,1.0,1.0,69.0,0.0,2.0,17.0,34.0,204.0,0.0,0.0,1.0,3
0.0,1.0,1.0,69.0,1.0,2.0,19.0,19.0,228.0,0.0,1.0,1.0,3
0.0,1.0,0.0,70.0,1.0,0.0,17.0,35.0,204.0,0.0,1.0,2.0,3
1.0,1.0,0.0,72.0,1.0,2.0,20.0,27.0,240.0,0.0,1.0,2.0,3
1.0,1.0,0.0,76.0,0.0,2.0,14.0,41.0,168.0,0.0,0.0,1.0,3
1.0,0.0,0.0,23.0,1.0,2.0,21.0,29.0,252.0,0.0,1.0,1.0,3
1.0,1.0,0.0,23.0,1.0,2.0,21.0,31.0,252.0,0.0,0.0,0.0,3
0.0,1.0,3.0,25.0,0.0,2.0,24.0,11.0,288.0,0.0,5.0,3.0,3
1.0,1.0,0.0,25.0,0.0,0.0,18.0,25.0,216.0,0.0,1.0,1.0,3
1.0,0.0,1.0,26.0,0.0,2.0,17.0,11.0,204.0,0.0,0.0,1.0,3
1.0,1.0,0.0,26.0,1.0,2.0,18.0,27.0,216.0,0.0,1.0,1.0,3
1.0,0.0,0.0,31.0,1.0,0.0,10.0,17.0,120.0,0.0,2.0,0.0,3
1.0,1.0,1.0,37.0,1.0,2.0,12.0,39.0,144.0,0.0,1.0,0.0,3
1.0,1.0,2.0,47.0,0.0,0.0,21.0,30.0,252.0,0.0,2.0,2.0,3
1.0,0.0,1.0,50.0,1.0,0.0,19.0,20.0,228.0,0.0,2.0,1.0,3
0.0,1.0,0.0,51.0,1.0,0.0,13.0,16.0,156.0,0.0,2.0,0.0,3
0.0,0.0,0.0,51.0,0.0,2.0,21.0,32.0,252.0,0.0,1.0,1.0,3
1.0,1.0,0.0,51.0,0.0,0.0,14.0,9.0,168.0,0.0,1.0,1.0,3
0.0,1.0,0.0,51.0,1.0,2.0,14.0,5.0,168.0,0.0,0.0,1.0,3
0.0,1.0,0.0,51.0,1.0,2.0,15.0,21.0,180.0,0.0,2.0,1.0,3
1.0,1.0,0.0,56.0,1.0,2.0,12.0,43.0,144.0,0.0,2.0,1.0,3
1.0,1.0,0.0,60.0,0.0,2.0,15.0,12.0,180.0,0.0,1.0,0.0,3
1.0,0.0,0.0,60.0,0.0,0.0,20.0,20.0,240.0,0.0,0.0,2.0,3
1.0,1.0,0.0,67.0,1.0,0.0,17.0,14.0,204.0,0.0,1.0,2.0,3
1.0,1.0,0.0,68.0,1.0,0.0,18.0,9.0,216.0,0.0,1.0,1.0,3
1.0,1.0,0.0,68.0,1.0,0.0,17.0,8.0,204.0,0.0,2.0,1.0,3
1.0,1.0,0.0,72.0,1.0,0.0,20.0,38.0,240.0,0.0,1.0,0.0,3
0.0,0.0,1.0,76.0,1.0,2.0,24.0,40.0,288.0,0.0,0.0,1.0,3
0.0,1.0,1.0,76.0,1.0,2.0,13.0,29.0,156.0,0.0,1.0,2.0,3
1.0,1.0,0.0,76.0,0.0,0.0,22.0,8.0,264.0,0.0,1.0,2.0,3
1.0,1.0,0.0,77.0,1.0,0.0,17.0,39.0,204.0,0.0,1.0,0.0,3
1.0,0.0,0.0,78.0,1.0,2.0,14.0,18.0,168.0,0.0,2.0,2.0,3
1.0,1.0,0.0,80.0,0.0,2.0,18.0,5.0,216.0,0.0,2.0,0.0,3
1.0,1.0,0.0,25.0,1.0,2.0,12.0,5.0,144.0,0.0,2.0,2.0,3
1.0,0.0,0.0,26.0,1.0,0.0,19.0,26.0,228.0,0.0,2.0,1.0,3
1.0,1.0,1.0,28.0,0.0,2.0,12.0,34.0,144.0,0.0,1.0,0.0,3
0.0,0.0,0.0,28.0,1.0,0.0,7.0,9.0,84.0,0.0,1.0,0.0,3
1.0,1.0,0.0,29.0,1.0,0.0,19.0,33.0,228.0,0.0,0.0,0.0,3
1.0,0.0,0.0,31.0,0.0,2.0,16.0,11.0,192.0,0.0,1.0,2.0,3
1.0,1.0,0.0,31.0,1.0,2.0,24.0,38.0,288.0,0.0,1.0,0.0,3
1.0,0.0,0.0,31.0,1.0,2.0,17.0,31.0,204.0,0.0,1.0,0.0,3
1.0,1.0,0.0,33.0,1.0,0.0,16.0,29.0,192.0,0.0,2.0,1.0,3
1.0,1.0,0.0,34.0,1.0,2.0,9.0,19.0,108.0,0.0,2.0,1.0,3
1.0,0.0,3.0,34.0,1.0,0.0,19.0,19.0,228.0,0.0,0.0,0.0,3
0.0,0.0,1.0,37.0,0.0,2.0,17.0,27.0,204.0,0.0,0.0,1.0,3
0.0,1.0,0.0,41.0,0.0,0.0,21.0,22.0,252.0,0.0,1.0,0.0,3
0.0,0.0,0.0,42.0,0.0,2.0,14.0,19.0,168.0,0.0,1.0,1.0,3
1.0,0.0,0.0,42.0,1.0,0.0,15.0,4.0,180.0,0.0,2.0,2.0,3
1.0,1.0,0.0,44.0,1.0,2.0,12.0,47.0,144.0,0.0,1.0,0.0,3
0.0,1.0,1.0,45.0,1.0,0.0,13.0,32.0,156.0,0.0,1.0,1.0,3
0.0,0.0,0.0,46.0,0.0,2.0,18.0,37.0,216.0,0.0,2.0,2.0,3
1.0,1.0,0.0,48.0,0.0,0.0,22.0,8.0,264.0,0.0,1.0,0.0,3
1.0,1.0,0.0,48.0,0.0,2.0,16.0,36.0,192.0,0.0,0.0,2.0,3
1.0,1.0,2.0,52.0,0.0,2.0,16.0,4.0,192.0,0.0,2.0,2.0,3
0.0,1.0,0.0,55.0,1.0,2.0,15.0,46.0,180.0,0.0,2.0,0.0,3
0.0,0.0,0.0,58.0,0.0,0.0,21.0,2.0,252.0,0.0,1.0,2.0,3
1.0,0.0,0.0,58.0,0.0,2.0,20.0,29.0,240.0,0.0,2.0,1.0,3
1.0,1.0,0.0,58.0,0.0,0.0,17.0,45.0,204.0,0.0,2.0,1.0,3
1.0,1.0,0.0,59.0,1.0,0.0,16.0,25.0,192.0,0.0,0.0,1.0,3
1.0,1.0,1.0,66.0,1.0,2.0,18.0,34.0,216.0,0.0,1.0,2.0,3
1.0,0.0,0.0,67.0,1.0,2.0,15.0,16.0,180.0,0.0,0.0,1.0,3
1.0,1.0,1.0,67.0,1.0,0.0,15.0,15.0,180.0,0.0,1.0,1.0,3
1.0,0.0,1.0,74.0,1.0,2.0,13.0,4.0,156.0,0.0,2.0,1.0,3
1.0,1.0,0.0,75.0,1.0,0.0,15.0,21.0,180.0,0.0,1.0,1.0,3
1.0,1.0,0.0,80.0,0.0,2.0,20.0,19.0,240.0,0.0,2.0,1.0,3
1.0,1.0,0.0,23.0,1.0,0.0,16.0,45.0,192.0,0.0,0.0,0.0,3
1.0,1.0,0.0,23.0,0.0,2.0,20.0,47.0,240.0,0.0,0.0,2.0,3
1.0,1.0,2.0,24.0,0.0,2.0,24.0,38.0,288.0,0.0,1.0,1.0,3
1.0,0.0,0.0,25.0,0.0,0.0,15.0,48.0,180.0,0.0,2.0,2.0,3
1.0,0.0,0.0,30.0,1.0,2.0,19.0,15.0,228.0,0.0,2.0,0.0,3
1.0,1.0,2.0,35.0,0.0,0.0,16.0,7.0,192.0,0.0,2.0,0.0,3
1.0,0.0,0.0,35.0,1.0,2.0,14.0,37.0,168.0,0.0,1.0,2.0,3
1.0,1.0,0.0,35.0,1.0,2.0,13.0,23.0,156.0,0.0,0.0,1.0,3
1.0,0.0,3.0,36.0,1.0,0.0,15.0,40.0,180.0,0.0,2.0,0.0,3
0.0,0.0,0.0,44.0,0.0,0.0,15.0,37.0,180.0,0.0,2.0,1.0,3
1.0,0.0,1.0,45.0,0.0,0.0,19.0,39.0,228.0,0.0,2.0,1.0,3
1.0,1.0,0.0,47.0,1.0,0.0,13.0,21.0,156.0,0.0,2.0,2.0,3
1.0,1.0,0.0,47.0,0.0,0.0,16.0,26.0,192.0,0.0,1.0,0.0,3
0.0,1.0,0.0,49.0,1.0,0.0,15.0,24.0,180.0,0.0,1.0,1.0,3
1.0,1.0,0.0,50.0,1.0,2.0,18.0,34.0,216.0,0.0,0.0,2.0,3
1.0,1.0,0.0,51.0,0.0,2.0,16.0,6.0,192.0,0.0,1.0,1.0,3
1.0,0.0,0.0,51.0,1.0,2.0,11.0,10.0,132.0,0.0,2.0,0.0,3
1.0,0.0,1.0,55.0,0.0,2.0,19.0,31.0,228.0,0.0,0.0,1.0,3
1.0,1.0,1.0,56.0,1.0,0.0,18.0,18.0,216.0,0.0,0.0,0.0,3
0.0,1.0,0.0,57.0,0.0,2.0,17.0,47.0,204.0,0.0,1.0,2.0,3
1.0,1.0,0.0,58.0,0.0,0.0,23.0,23.0,276.0,0.0,1.0,0.0,3
1.0,1.0,0.0,62.0,1.0,2.0,19.0,10.0,228.0,0.0,0.0,1.0,3
1.0,0.0,2.0,62.0,0.0,0.0,13.0,35.0,156.0,0.0,1.0,0.0,3
1.0,1.0,0.0,63.0,1.0,0.0,15.0,20.0,180.0,0.0,1.0,0.0,3
1.0,1.0,0.0,64.0,1.0,0.0,16.0,46.0,192.0,0.0,1.0,0.0,3
1.0,0.0,0.0,69.0,1.0,0.0,14.0,19.0,168.0,0.0,1.0,0.0,3
1.0,0.0,0.0,69.0,1.0,0.0,10.0,45.0,120.0,0.0,0.0,1.0,3
0.0,0.0,0.0,70.0,0.0,2.0,14.0,11.0,168.0,0.0,0.0,2.0,3
1.0,0.0,1.0,72.0,0.0,2.0,14.0,32.0,168.0,0.0,1.0,2.0,3
1.0,0.0,0.0,23.0,0.0,0.0,17.0,29.0,204.0,0.0,2.0,2.0,3
0.0,1.0,0.0,23.0,1.0,0.0,18.0,4.0,216.0,0.0,2.0,1.0,3
1.0,0.0,0.0,28.0,1.0,2.0,21.0,33.0,252.0,0.0,1.0,0.0,3
1.0,1.0,0.0,28.0,0.0,0.0,16.0,41.0,192.0,0.0,1.0,0.0,3
1.0,1.0,0.0,28.0,1.0,2.0,18.0,17.0,216.0,0.0,1.0,1.0,3
1.0,1.0,0.0,30.0,0.0,2.0,21.0,38.0,252.0,0.0,0.0,2.0,3
1.0,1.0,0.0,35.0,0.0,2.0,18.0,29.0,216.0,0.0,2.0,0.0,3
1.0,1.0,0.0,36.0,0.0,0.0,20.0,7.0,240.0,0.0,1.0,0.0,3
1.0,0.0,0.0,38.0,1.0,0.0,15.0,15.0,180.0,0.0,1.0,1.0,3
1.0,0.0,1.0,41.0,0.0,0.0,23.0,38.0,276.0,0.0,0.0,0.0,3
1.0,1.0,0.0,42.0,1.0,0.0,18.0,16.0,216.0,0.0,2.0,0.0,3
1.0,1.0,1.0,46.0,1.0,2.0,19.0,35.0,228.0,0.0,1.0,0.0,3
0.0,0.0,0.0,51.0,0.0,2.0,16.0,25.0,192.0,0.0,1.0,2.0,3
0.0,0.0,0.0,62.0,1.0,0.0,12.0,9.0,144.0,0.0,2.0,1.0,3
1.0,0.0,1.0,62.0,1.0,0.0,23.0,19.0,276.0,0.0,1.0,0.0,3
1.0,0.0,0.0,65.0,0.0,0.0,19.0,5.0,228.0,0.0,1.0,2.0,3
1.0,0.0,0.0,67.0,0.0,2.0,19.0,17.0,228.0,0.0,0.0,0.0,3
1.0,0.0,0.0,67.0,1.0,2.0,20.0,43.0,240.0,0.0,1.0,0.0,3
1.0,0.0,0.0,67.0,0.0,2.0,16.0,5.0,192.0,0.0,1.0,0.0,3
1.0,0.0,1.0,67.0,1.0,0.0,16.0,5.0,192.0,0.0,0.0,2.0,3
0.0,0.0,0.0,69.0,0.0,0.0,13.0,26.0,156.0,0.0,0.0,1.0,3
1.0,1.0,0.0,70.0,0.0,0.0,17.0,45.0,204.0,0.0,1.0,0.0,3
0.0,1.0,0.0,70.0,0.0,0.0,13.0,29.0,156.0,0.0,0.0,0.0,3
1.0,1.0,0.0,73.0,0.0,0.0,13.0,35.0,156.0,0.0,1.0,1.0,3
1.0,1.0,0.0,75.0,0.0,0.0,16.0,35.0,192.0,0.0,0.0,1.0,3
1.0,0.0,0.0,76.0,1.0,0.0,15.0,45.0,180.0,0.0,2.0,2.0,3
1.0,0.0,2.0,28.0,0.0,0.0,18.0,41.0,216.0,0.0,0.0,2.0,3
1.0,0.0,0.0,33.0,0.0,2.0,14.0,15.0,168.0,0.0,0.0,2.0,3
1.0,0.0,3.0,34.0,1.0,2.0,18.0,44.0,216.0,0.0,1.0,2.0,3
1.0,1.0,0.0,34.0,1.0,2.0,14.0,47.0,168.0,0.0,1.0,0.0,3
1.0,1.0,0.0,36.0,1.0,2.0,18.0,19.0,216.0,0.0,1.0,2.0,3
0.0,0.0,1.0,38.0,1.0,2.0,20.0,19.0,240.0,0.0,0.0,2.0,3
0.0,0.0,0.0,40.0,1.0,2.0,19.0,33.0,228.0,0.0,0.0,2.0,3
1.0,1.0,2.0,42.0,1.0,0.0,19.0,26.0,228.0,0.0,2.0,0.0,3
1.0,1.0,1.0,44.0,0.0,2.0,20.0,29.0,240.0,0.0,2.0,0.0,3
0.0,0.0,1.0,48.0,0.0,0.0,17.0,7.0,204.0,0.0,2.0,1.0,3
1.0,1.0,0.0,53.0,0.0,0.0,15.0,37.0,180.0,0.0,1.0,0.0,3
1.0,1.0,0.0,54.0,1.0,2.0,14.0,16.0,168.0,0.0,0.0,0.0,3
1.0,0.0,0.0,54.0,1.0,2.0,14.0,42.0,168.0,0.0,2.0,2.0,3
1.0,1.0,0.0,56.0,0.0,0.0,14.0,24.0,168.0,0.0,2.0,1.0,3
1.0,1.0,0.0,58.0,0.0,2.0,23.0,1.0,276.0,0.0,1.0,0.0,3
1.0,0.0,0.0,64.0,0.0,2.0,19.0,10.0,228.0,0.0,1.0,1.0,3
1.0,1.0,0.0,67.0,0.0,2.0,15.0,8.0,180.0,0.0,0.0,2.0,3
0.0,0.0,0.0,69.0,0.0,2.0,20.0,48.0,240.0,0.0,1.0,0.0,3
0.0,1.0,1.0,32.0,1.0,0.0,19.0,46.0,228.0,0.0,2.0,1.0,3
1.0,0.0,0.0,33.0,1.0,2.0,19.0,44.0,228.0,0.0,0.0,2.0,3
1.0,0.0,1.0,34.0,0.0,0.0,14.0,34.0,168.0,0.0,1.0,2.0,3
1.0,0.0,0.0,41.0,0.0,2.0,17.0,29.0,204.0,0.0,1.0,2.0,3
1.0,0.0,1.0,43.0,1.0,0.0,18.0,40.0,216.0,0.0,2.0,1.0,3
1.0,1.0,2.0,44.0,1.0,0.0,17.0,1.0,204.0,0.0,0.0,2.0,3
1.0,0.0,0.0,49.0,0.0,2.0,14.0,17.0,168.0,0.0,1.0,2.0,3
0.0,1.0,0.0,58.0,1.0,2.0,19.0,18.0,228.0,0.0,0.0,1.0,3
0.0,0.0,0.0,65.0,1.0,2.0,13.0,17.0,156.0,0.0,0.0,2.0,3
1.0,1.0,0.0,67.0,1.0,0.0,13.0,40.0,156.0,0.0,1.0,1.0,3
1.0,1.0,0.0,79.0,0.0,0.0,20.0,31.0,240.0,0.0,2.0,1.0,3
1.0,1.0,0.0,26.0,1.0,2.0,15.0,23.0,180.0,0.0,1.0,0.0,3
1.0,0.0,0.0,26.0,1.0,0.0,18.0,45.0,216.0,0.0,0.0,2.0,3
1.0,0.0,0.0,32.0,1.0,2.0,17.0,5.0,204.0,0.0,1.0,2.0,3
1.0,0.0,0.0,42.0,1.0,0.0,20.0,40.0,240.0,0.0,0.0,1.0,3
0.0,1.0,0.0,54.0,0.0,2.0,19.0,18.0,228.0,0.0,1.0,0.0,3
0.0,0.0,3.0,63.0,1.0,2.0,18.0,41.0,216.0,0.0,2.0,0.0,3
1.0,1.0,0.0,78.0,0.0,2.0,18.0,19.0,216.0,0.0,2.0,2.0,3
1.0,0.0,0.0,42.0,1.0,2.0,15.0,11.0,180.0,0.0,1.0,1.0,3
1.0,0.0,0.0,51.0,0.0,0.0,21.0,31.0,252.0,0.0,1.0,2.0,3
1.0,0.0,0.0,53.0,1.0,0.0,18.0,47.0,216.0,0.0,0.0,0.0,3
1.0,1.0,0.0,54.0,0.0,0.0,12.0,3.0,144.0,0.0,2.0,1.0,3
0.0,0.0,2.0,56.0,0.0,2.0,15.0,22.0,180.0,0.0,1.0,1.0,3
1.0,1.0,0.0,74.0,0.0,0.0,19.0,6.0,228.0,0.0,0.0,2.0,3
1.0,1.0,0.0,74.0,0.0,2.0,16.0,41.0,192.0,0.0,0.0,1.0,3
1.0,0.0,0.0,25.0,1.0,0.0,12.0,36.0,144.0,0.0,1.0,2.0,3
1.0,1.0,0.0,47.0,0.0,2.0,20.0,27.0,240.0,0.0,0.0,2.0,3
1.0,1.0,1.0,79.0,0.0,2.0,15.0,2.0,180.0,0.0,1.0,0.0,3
0.0,1.0,3.0,25.0,0.0,4.0,25.0,14.0,300.0,0.0,1.0,1.0,3
1.0,1.0,3.0,69.0,1.0,4.0,23.0,7.0,276.0,0.0,1.0,1.0,3
1.0,0.0,0.0,67.0,1.0,2.0,19.0,32.0,228.0,0.0,1.0,1.0,3
1.0,1.0,0.0,22.0,1.0,2.0,17.0,8.0,204.0,0.0,0.0,2.0,3
1.0,0.0,0.0,35.0,1.0,2.0,22.0,43.0,264.0,0.0,1.0,0.0,3
1.0,1.0,0.0,50.0,0.0,0.0,12.0,36.0,144.0,0.0,2.0,2.0,3
1.0,1.0,0.0,53.0,0.0,0.0,14.0,45.0,168.0,0.0,1.0,0.0,3
0.0,1.0,0.0,56.0,1.0,2.0,18.0,20.0,216.0,0.0,2.0,2.0,3
1.0,0.0,0.0,58.0,1.0,2.0,17.0,13.0,204.0,0.0,1.0,0.0,3
1.0,0.0,0.0,61.0,0.0,2.0,13.0,38.0,156.0,0.0,1.0,0.0,3
1.0,0.0,0.0,72.0,0.0,2.0,14.0,41.0,168.0,0.0,0.0,2.0,3
1.0,1.0,0.0,76.0,0.0,2.0,19.0,10.0,228.0,0.0,1.0,2.0,3
1.0,1.0,1.0,29.0,0.0,2.0,15.0,17.0,180.0,0.0,1.0,1.0,3
1.0,0.0,1.0,33.0,1.0,2.0,19.0,29.0,228.0,0.0,2.0,0.0,3
1.0,0.0,0.0,34.0,0.0,2.0,15.0,39.0,180.0,0.0,2.0,0.0,3
1.0,0.0,0.0,36.0,0.0,0.0,14.0,20.0,168.0,0.0,2.0,2.0,3
1.0,0.0,0.0,37.0,0.0,0.0,16.0,19.0,192.0,0.0,1.0,2.0,3
1.0,0.0,0.0,40.0,0.0,2.0,24.0,8.0,288.0,0.0,2.0,0.0,3
0.0,0.0,0.0,41.0,1.0,2.0,18.0,14.0,216.0,0.0,0.0,0.0,3
1.0,0.0,0.0,44.0,0.0,0.0,12.0,27.0,144.0,0.0,0.0,2.0,3
1.0,0.0,1.0,66.0,0.0,0.0,20.0,46.0,240.0,0.0,0.0,0.0,3
1.0,0.0,0.0,75.0,0.0,2.0,14.0,20.0,168.0,0.0,2.0,1.0,3
1.0,0.0,0.0,30.0,0.0,2.0,15.0,40.0,180.0,0.0,1.0,1.0,3
0.0,1.0,0.0,32.0,1.0,0.0,16.0,3.0,192.0,0.0,2.0,0.0,3
1.0,0.0,0.0,33.0,1.0,0.0,12.0,38.0,144.0,0.0,1.0,2.0,3
1.0,0.0,0.0,36.0,1.0,2.0,14.0,11.0,168.0,0.0,1.0,1.0,3
1.0,0.0,0.0,36.0,1.0,2.0,17.0,11.0,204.0,0.0,1.0,2.0,3
0.0,1.0,0.0,41.0,1.0,0.0,20.0,33.0,240.0,0.0,2.0,1.0,3
0.0,0.0,0.0,50.0,0.0,0.0,19.0,8.0,228.0,0.0,1.0,2.0,3
1.0,1.0,0.0,54.0,0.0,0.0,22.0,5.0,264.0,0.0,1.0,0.0,3
1.0,1.0,1.0,54.0,1.0,2.0,13.0,10.0,156.0,0.0,1.0,2.0,3
1.0,1.0,1.0,60.0,0.0,0.0,18.0,40.0,216.0,0.0,1.0,0.0,3
0.0,0.0,0.0,67.0,1.0,0.0,22.0,21.0,264.0,0.0,2.0,0.0,3
1.0,0.0,0.0,69.0,1.0,0.0,18.0,17.0,216.0,0.0,0.0,1.0,3
1.0,1.0,0.0,70.0,1.0,0.0,15.0,42.0,180.0,0.0,1.0,0.0,3
1.0,0.0,0.0,70.0,0.0,0.0,19.0,10.0,228.0,0.0,2.0,1.0,3
1.0,1.0,3.0,72.0,0.0,0.0,16.0,33.0,192.0,0.0,2.0,1.0,3
1.0,0.0,0.0,74.0,0.0,2.0,16.0,41.0,192.0,0.0,1.0,0.0,3
1.0,0.0,0.0,75.0,1.0,0.0,14.0,24.0,168.0,0.0,1.0,0.0,3
1.0,1.0,0.0,76.0,0.0,0.0,9.0,4.0,108.0,0.0,2.0,1.0,3
0.0,1.0,1.0,77.0,0.0,2.0,16.0,2.0,192.0,0.0,1.0,0.0,3
1.0,0.0,0.0,79.0,0.0,2.0,19.0,41.0,228.0,0.0,1.0,1.0,3
1.0,0.0,0.0,80.0,1.0,0.0,19.0,4.0,228.0,0.0,1.0,1.0,3
1.0,0.0,0.0,25.0,0.0,2.0,19.0,12.0,228.0,0.0,0.0,2.0,3
1.0,1.0,0.0,26.0,0.0,0.0,14.0,21.0,168.0,0.0,2.0,1.0,3
1.0,0.0,0.0,31.0,0.0,0.0,22.0,3.0,264.0,0.0,0.0,0.0,3
1.0,0.0,1.0,35.0,0.0,2.0,18.0,32.0,216.0,0.0,1.0,0.0,3
1.0,0.0,0.0,37.0,0.0,0.0,21.0,1.0,252.0,0.0,1.0,2.0,3
0.0,0.0,0.0,46.0,1.0,2.0,14.0,2.0,168.0,0.0,0.0,0.0,3
1.0,0.0,0.0,48.0,0.0,0.0,14.0,41.0,168.0,0.0,2.0,1.0,3
1.0,1.0,0.0,50.0,0.0,2.0,23.0,24.0,276.0,0.0,0.0,2.0,3
0.0,1.0,0.0,54.0,0.0,2.0,19.0,7.0,228.0,0.0,1.0,1.0,3
1.0,1.0,0.0,59.0,1.0,0.0,19.0,12.0,228.0,0.0,1.0,0.0,3
1.0,0.0,0.0,60.0,1.0,2.0,16.0,39.0,192.0,0.0,0.0,1.0,3
0.0,1.0,0.0,61.0,1.0,2.0,14.0,39.0,168.0,0.0,1.0,0.0,3
0.0,0.0,0.0,62.0,1.0,0.0,16.0,41.0,192.0,0.0,0.0,2.0,3
0.0,1.0,1.0,63.0,1.0,2.0,19.0,31.0,228.0,0.0,2.0,1.0,3
1.0,0.0,0.0,63.0,0.0,0.0,15.0,45.0,180.0,0.0,1.0,0.0,3
1.0,1.0,0.0,63.0,0.0,2.0,11.0,30.0,132.0,0.0,1.0,2.0,3
1.0,1.0,0.0,69.0,0.0,2.0,18.0,18.0,216.0,0.0,1.0,2.0,3
1.0,0.0,0.0,74.0,1.0,0.0,22.0,39.0,264.0,0.0,1.0,2.0,3
1.0,1.0,0.0,76.0,1.0,0.0,18.0,17.0,216.0,0.0,0.0,0.0,3
1.0,1.0,0.0,76.0,1.0,0.0,14.0,23.0,168.0,0.0,1.0,2.0,3
0.0,1.0,1.0,23.0,1.0,0.0,18.0,20.0,216.0,0.0,2.0,2.0,3
1.0,1.0,1.0,27.0,1.0,0.0,19.0,10.0,228.0,0.0,1.0,2.0,3
1.0,0.0,0.0,30.0,1.0,0.0,17.0,10.0,204.0,0.0,2.0,1.0,3
1.0,0.0,0.0,30.0,1.0,2.0,17.0,36.0,204.0,0.0,2.0,0.0,3
1.0,0.0,0.0,32.0,0.0,2.0,16.0,18.0,192.0,0.0,1.0,1.0,3
1.0,1.0,0.0,33.0,1.0,0.0,17.0,44.0,204.0,0.0,1.0,1.0,3
1.0,0.0,0.0,33.0,1.0,2.0,20.0,35.0,240.0,0.0,1.0,2.0,3
1.0,1.0,3.0,36.0,1.0,2.0,22.0,5.0,264.0,0.0,1.0,2.0,3
1.0,1.0,0.0,38.0,0.0,2.0,19.0,28.0,228.0,0.0,2.0,1.0,3
1.0,1.0,0.0,42.0,0.0,0.0,17.0,47.0,204.0,0.0,1.0,0.0,3
0.0,0.0,1.0,43.0,1.0,2.0,13.0,39.0,156.0,0.0,1.0,0.0,3
1.0,1.0,1.0,49.0,1.0,2.0,20.0,34.0,240.0,0.0,2.0,2.0,3
1.0,0.0,0.0,50.0,0.0,2.0,19.0,11.0,228.0,0.0,0.0,0.0,3
0.0,0.0,0.0,52.0,0.0,0.0,18.0,30.0,216.0,0.0,0.0,0.0,3
1.0,0.0,0.0,52.0,1.0,0.0,20.0,23.0,240.0,0.0,2.0,2.0,3
1.0,1.0,0.0,55.0,0.0,0.0,17.0,3.0,204.0,0.0,1.0,2.0,3
1.0,1.0,0.0,56.0,1.0,2.0,17.0,14.0,204.0,0.0,1.0,0.0,3
1.0,0.0,0.0,58.0,1.0,0.0,19.0,15.0,228.0,0.0,1.0,1.0,3
1.0,1.0,1.0,59.0,1.0,2.0,17.0,10.0,204.0,0.0,0.0,0.0,3
1.0,0.0,0.0,61.0,0.0,2.0,19.0,4.0,228.0,0.0,0.0,0.0,3
1.0,1.0,0.0,61.0,1.0,2.0,21.0,37.0,252.0,0.0,1.0,1.0,3
1.0,0.0,0.0,61.0,0.0,2.0,17.0,45.0,204.0,0.0,0.0,2.0,3
1.0,0.0,0.0,64.0,0.0,2.0,16.0,6.0,192.0,0.0,1.0,1.0,3
1.0,0.0,1.0,65.0,0.0,0.0,17.0,48.0,204.0,0.0,1.0,1.0,3
1.0,1.0,0.0,65.0,0.0,0.0,10.0,11.0,120.0,0.0,1.0,1.0,3
1.0,1.0,0.0,67.0,0.0,0.0,18.0,12.0,216.0,0.0,1.0,0.0,3
0.0,0.0,0.0,74.0,1.0,0.0,18.0,29.0,216.0,0.0,2.0,1.0,3
0.0,1.0,0.0,75.0,1.0,0.0,22.0,9.0,264.0,0.0,1.0,1.0,3
1.0,1.0,0.0,76.0,0.0,0.0,19.0,40.0,228.0,0.0,1.0,0.0,3
1.0,0.0,0.0,76.0,0.0,0.0,20.0,26.0,240.0,0.0,2.0,0.0,3
1.0,0.0,1.0,77.0,1.0,2.0,15.0,36.0,180.0,0.0,1.0,0.0,3
0.0,0.0,0.0,79.0,0.0,2.0,14.0,17.0,168.0,0.0,2.0,1.0,3
1.0,0.0,0.0,80.0,0.0,0.0,21.0,28.0,252.0,0.0,1.0,2.0,3
1.0,1.0,0.0,80.0,1.0,2.0,15.0,9.0,180.0,0.0,0.0,2.0,3
1.0,1.0,0.0,24.0,0.0,2.0,13.0,37.0,156.0,0.0,0.0,0.0,3
0.0,0.0,0.0,29.0,0.0,0.0,19.0,2.0,228.0,0.0,1.0,0.0,3
1.0,0.0,0.0,30.0,0.0,2.0,23.0,9.0,276.0,0.0,1.0,1.0,3
0.0,1.0,0.0,30.0,0.0,0.0,18.0,46.0,216.0,0.0,1.0,2.0,3
1.0,1.0,0.0,36.0,1.0,0.0,21.0,12.0,252.0,0.0,2.0,2.0,3
1.0,0.0,0.0,44.0,0.0,0.0,18.0,6.0,216.0,0.0,2.0,2.0,3
1.0,0.0,0.0,52.0,1.0,0.0,16.0,8.0,192.0,0.0,0.0,0.0,3
1.0,0.0,0.0,52.0,0.0,2.0,14.0,20.0,168.0,0.0,1.0,2.0,3
1.0,0.0,1.0,53.0,0.0,0.0,15.0,28.0,180.0,0.0,1.0,2.0,3
1.0,0.0,0.0,54.0,0.0,0.0,15.0,30.0,180.0,0.0,1.0,1.0,3
1.0,0.0,0.0,55.0,0.0,0.0,20.0,15.0,240.0,0.0,1.0,1.0,3
0.0,0.0,0.0,56.0,0.0,0.0,23.0,21.0,276.0,0.0,2.0,1.0,3
1.0,0.0,0.0,58.0,0.0,2.0,16.0,14.0,192.0,0.0,1.0,0.0,3
1.0,0.0,0.0,61.0,1.0,0.0,21.0,11.0,252.0,0.0,1.0,2.0,3
1.0,0.0,1.0,63.0,0.0,0.0,18.0,21.0,216.0,0.0,2.0,1.0,3
1.0,0.0,1.0,63.0,1.0,0.0,15.0,12.0,180.0,0.0,1.0,0.0,3
1.0,1.0,0.0,64.0,0.0,2.0,14.0,39.0,168.0,0.0,1.0,2.0,3
1.0,1.0,1.0,64.0,1.0,0.0,14.0,46.0,168.0,0.0,1.0,1.0,3
1.0,1.0,3.0,65.0,0.0,0.0,16.0,25.0,192.0,0.0,1.0,0.0,3
1.0,1.0,3.0,67.0,0.0,2.0,18.0,25.0,216.0,0.0,1.0,0.0,3
1.0,0.0,0.0,71.0,0.0,0.0,15.0,30.0,180.0,0.0,0.0,0.0,3
1.0,0.0,2.0,73.0,1.0,0.0,19.0,30.0,228.0,0.0,2.0,0.0,3
1.0,0.0,0.0,79.0,1.0,2.0,18.0,42.0,216.0,0.0,2.0,2.0,3
0.0,1.0,0.0,80.0,0.0,2.0,14.0,17.0,168.0,0.0,1.0,2.0,3
1.0,1.0,1.0,31.0,0.0,0.0,15.0,29.0,180.0,0.0,1.0,2.0,3
0.0,1.0,0.0,32.0,0.0,2.0,12.0,43.0,144.0,0.0,1.0,2.0,3
0.0,1.0,2.0,39.0,0.0,2.0,19.0,27.0,228.0,0.0,1.0,0.0,3
1.0,1.0,0.0,39.0,0.0,0.0,11.0,22.0,132.0,0.0,2.0,0.0,3
0.0,1.0,0.0,43.0,1.0,0.0,14.0,7.0,168.0,0.0,1.0,1.0,3
1.0,0.0,0.0,44.0,1.0,2.0,16.0,21.0,192.0,0.0,1.0,1.0,3
0.0,0.0,0.0,47.0,0.0,2.0,17.0,46.0,204.0,0.0,0.0,0.0,3
0.0,0.0,0.0,49.0,0.0,0.0,13.0,36.0,156.0,0.0,1.0,0.0,3
0.0,1.0,0.0,52.0,0.0,0.0,14.0,44.0,168.0,0.0,1.0,1.0,3
0.0,1.0,0.0,52.0,0.0,2.0,18.0,6.0,216.0,0.0,1.0,2.0,3
1.0,1.0,0.0,54.0,1.0,2.0,18.0,33.0,216.0,0.0,0.0,0.0,3
1.0,0.0,0.0,55.0,0.0,2.0,18.0,5.0,216.0,0.0,1.0,0.0,3
1.0,1.0,1.0,55.0,0.0,2.0,19.0,17.0,228.0,0.0,2.0,2.0,3
1.0,0.0,0.0,57.0,1.0,0.0,20.0,48.0,240.0,0.0,1.0,1.0,3
1.0,1.0,0.0,57.0,0.0,2.0,19.0,40.0,228.0,0.0,2.0,1.0,3
1.0,1.0,0.0,58.0,1.0,2.0,20.0,8.0,240.0,0.0,1.0,1.0,3
1.0,0.0,0.0,58.0,1.0,2.0,21.0,46.0,252.0,0.0,2.0,0.0,3
1.0,0.0,2.0,59.0,1.0,2.0,19.0,25.0,228.0,0.0,1.0,1.0,3
1.0,1.0,0.0,59.0,0.0,0.0,11.0,15.0,132.0,0.0,0.0,1.0,3
1.0,0.0,0.0,61.0,0.0,0.0,12.0,26.0,144.0,0.0,0.0,0.0,3
1.0,1.0,0.0,64.0,1.0,0.0,22.0,8.0,264.0,0.0,0.0,2.0,3
1.0,1.0,0.0,66.0,1.0,2.0,13.0,25.0,156.0,0.0,1.0,1.0,3
1.0,0.0,1.0,66.0,1.0,0.0,13.0,23.0,156.0,0.0,1.0,0.0,3
1.0,1.0,0.0,68.0,1.0,0.0,21.0,3.0,252.0,0.0,2.0,0.0,3
1.0,1.0,0.0,70.0,0.0,2.0,18.0,41.0,216.0,0.0,2.0,0.0,3
0.0,0.0,0.0,75.0,1.0,2.0,12.0,4.0,144.0,0.0,2.0,2.0,3
1.0,1.0,0.0,75.0,1.0,2.0,13.0,36.0,156.0,0.0,2.0,0.0,3
0.0,1.0,0.0,77.0,1.0,2.0,19.0,44.0,228.0,0.0,2.0,2.0,3
1.0,1.0,0.0,78.0,1.0,2.0,20.0,32.0,240.0,0.0,1.0,2.0,3
1.0,0.0,0.0,25.0,0.0,2.0,17.0,17.0,204.0,0.0,1.0,1.0,3
1.0,0.0,1.0,29.0,1.0,0.0,17.0,45.0,204.0,0.0,0.0,2.0,3
1.0,1.0,0.0,32.0,0.0,0.0,15.0,37.0,180.0,0.0,1.0,2.0,3
1.0,0.0,0.0,33.0,0.0,2.0,10.0,4.0,120.0,0.0,1.0,2.0,3
1.0,1.0,0.0,33.0,1.0,0.0,20.0,32.0,240.0,0.0,1.0,2.0,3
1.0,0.0,0.0,34.0,0.0,0.0,18.0,45.0,216.0,0.0,2.0,1.0,3
1.0,0.0,0.0,39.0,0.0,0.0,19.0,33.0,228.0,0.0,0.0,0.0,3
1.0,0.0,0.0,40.0,0.0,0.0,17.0,35.0,204.0,0.0,1.0,2.0,3
0.0,0.0,0.0,45.0,0.0,0.0,18.0,15.0,216.0,0.0,1.0,1.0,3
0.0,1.0,0.0,47.0,0.0,0.0,16.0,15.0,192.0,0.0,1.0,0.0,3
1.0,0.0,0.0,48.0,1.0,0.0,16.0,27.0,192.0,0.0,1.0,2.0,3
1.0,1.0,1.0,58.0,0.0,0.0,16.0,14.0,192.0,0.0,1.0,0.0,3
0.0,0.0,0.0,60.0,1.0,2.0,13.0,22.0,156.0,0.0,0.0,1.0,3
1.0,0.0,0.0,61.0,1.0,0.0,13.0,3.0,156.0,0.0,1.0,2.0,3
0.0,1.0,0.0,64.0,1.0,2.0,13.0,44.0,156.0,0.0,1.0,0.0,3
1.0,0.0,0.0,64.0,1.0,2.0,15.0,48.0,180.0,0.0,2.0,2.0,3
1.0,1.0,0.0,65.0,0.0,2.0,13.0,16.0,156.0,0.0,1.0,1.0,3
1.0,0.0,0.0,66.0,0.0,2.0,14.0,22.0,168.0,0.0,0.0,1.0,3
0.0,1.0,0.0,67.0,1.0,0.0,15.0,34.0,180.0,0.0,1.0,0.0,3
1.0,0.0,0.0,70.0,0.0,2.0,16.0,36.0,192.0,0.0,1.0,0.0,3
1.0,1.0,0.0,71.0,1.0,0.0,15.0,23.0,180.0,0.0,2.0,2.0,3
0.0,1.0,0.0,73.0,0.0,2.0,17.0,4.0,204.0,0.0,1.0,1.0,3
1.0,1.0,0.0,75.0,1.0,2.0,21.0,39.0,252.0,0.0,1.0,1.0,3
1.0,1.0,0.0,76.0,0.0,2.0,19.0,46.0,228.0,0.0,0.0,0.0,3
1.0,0.0,0.0,77.0,1.0,2.0,21.0,48.0,252.0,0.0,2.0,2.0,3
1.0,1.0,0.0,79.0,0.0,0.0,12.0,38.0,144.0,0.0,1.0,2.0,3
1.0,1.0,0.0,26.0,0.0,0.0,13.0,4.0,156.0,0.0,2.0,1.0,3
1.0,1.0,0.0,30.0,0.0,0.0,22.0,25.0,264.0,0.0,2.0,1.0,3
1.0,0.0,0.0,34.0,1.0,2.0,21.0,27.0,252.0,0.0,1.0,1.0,3
1.0,0.0,0.0,36.0,1.0,0.0,20.0,3.0,240.0,0.0,2.0,2.0,3
1.0,0.0,1.0,37.0,1.0,2.0,18.0,34.0,216.0,0.0,1.0,2.0,3
1.0,1.0,1.0,38.0,0.0,0.0,16.0,32.0,192.0,0.0,1.0,1.0,3
1.0,1.0,0.0,41.0,1.0,0.0,19.0,16.0,228.0,0.0,1.0,2.0,3
1.0,0.0,1.0,42.0,1.0,2.0,21.0,13.0,252.0,0.0,2.0,2.0,3
1.0,0.0,0.0,48.0,1.0,2.0,18.0,28.0,216.0,0.0,0.0,2.0,3
1.0,1.0,0.0,48.0,1.0,2.0,19.0,44.0,228.0,0.0,1.0,2.0,3
1.0,0.0,1.0,48.0,0.0,2.0,16.0,26.0,192.0,0.0,0.0,2.0,3
1.0,0.0,0.0,49.0,0.0,2.0,15.0,26.0,180.0,0.0,0.0,1.0,3
1.0,0.0,0.0,50.0,1.0,2.0,19.0,12.0,228.0,0.0,1.0,1.0,3
1.0,1.0,0.0,50.0,1.0,0.0,16.0,19.0,192.0,0.0,1.0,0.0,3
0.0,1.0,0.0,53.0,1.0,0.0,18.0,45.0,216.0,0.0,2.0,1.0,3
1.0,0.0,0.0,55.0,1.0,0.0,13.0,18.0,156.0,0.0,0.0,2.0,3
0.0,1.0,0.0,56.0,1.0,2.0,17.0,21.0,204.0,0.0,1.0,0.0,3
1.0,1.0,0.0,59.0,1.0,0.0,20.0,34.0,240.0,0.0,0.0,2.0,3
1.0,1.0,0.0,64.0,1.0,2.0,16.0,23.0,192.0,0.0,1.0,0.0,3
0.0,0.0,0.0,66.0,1.0,0.0,15.0,33.0,180.0,0.0,1.0,1.0,3
1.0,0.0,0.0,73.0,0.0,2.0,18.0,37.0,216.0,0.0,0.0,1.0,3
1.0,1.0,2.0,73.0,0.0,2.0,15.0,21.0,180.0,0.0,0.0,1.0,3
1.0,1.0,3.0,74.0,0.0,0.0,12.0,35.0,144.0,0.0,1.0,2.0,3
1.0,1.0,0.0,80.0,1.0,0.0,20.0,23.0,240.0,0.0,1.0,2.0,3
1.0,0.0,0.0,25.0,0.0,2.0,21.0,47.0,252.0,0.0,0.0,2.0,3
0.0,0.0,0.0,29.0,1.0,0.0,20.0,46.0,240.0,0.0,1.0,2.0,3
1.0,1.0,1.0,32.0,0.0,0.0,15.0,45.0,180.0,0.0,1.0,0.0,3
0.0,0.0,0.0,40.0,1.0,0.0,20.0,25.0,240.0,0.0,1.0,2.0,3
1.0,1.0,0.0,40.0,0.0,2.0,17.0,41.0,204.0,0.0,2.0,1.0,3
1.0,1.0,0.0,44.0,1.0,2.0,14.0,35.0,168.0,0.0,2.0,1.0,3
1.0,1.0,0.0,50.0,1.0,0.0,17.0,27.0,204.0,0.0,0.0,1.0,3
1.0,0.0,0.0,58.0,0.0,2.0,15.0,47.0,180.0,0.0,1.0,0.0,3
1.0,0.0,0.0,59.0,1.0,0.0,16.0,34.0,192.0,0.0,2.0,2.0,3
0.0,1.0,0.0,60.0,1.0,0.0,10.0,5.0,120.0,0.0,0.0,1.0,3
1.0,1.0,0.0,60.0,1.0,0.0,19.0,6.0,228.0,0.0,1.0,0.0,3
1.0,1.0,0.0,62.0,0.0,0.0,18.0,41.0,216.0,0.0,0.0,0.0,3
1.0,1.0,0.0,63.0,0.0,2.0,15.0,6.0,180.0,0.0,1.0,0.0,3
1.0,1.0,0.0,68.0,0.0,0.0,17.0,12.0,204.0,0.0,0.0,0.0,3
0.0,1.0,1.0,69.0,1.0,2.0,18.0,5.0,216.0,0.0,1.0,0.0,3
1.0,1.0,0.0,76.0,1.0,0.0,13.0,47.0,156.0,0.0,0.0,2.0,3
1.0,1.0,0.0,76.0,1.0,0.0,14.0,26.0,168.0,0.0,1.0,2.0,3
1.0,1.0,1.0,78.0,0.0,2.0,18.0,41.0,216.0,0.0,2.0,0.0,3
0.0,1.0,0.0,28.0,0.0,0.0,17.0,10.0,204.0,0.0,1.0,0.0,3
1.0,0.0,0.0,33.0,0.0,0.0,17.0,5.0,204.0,0.0,0.0,0.0,3
1.0,1.0,0.0,38.0,1.0,2.0,22.0,34.0,264.0,0.0,1.0,0.0,3
1.0,0.0,0.0,39.0,1.0,2.0,19.0,27.0,228.0,0.0,0.0,1.0,3
1.0,1.0,0.0,42.0,1.0,2.0,20.0,26.0,240.0,0.0,2.0,1.0,3
1.0,1.0,0.0,47.0,0.0,2.0,11.0,27.0,132.0,0.0,0.0,0.0,3
1.0,1.0,0.0,56.0,0.0,2.0,16.0,35.0,192.0,0.0,1.0,0.0,3
0.0,0.0,2.0,62.0,1.0,0.0,17.0,2.0,204.0,0.0,1.0,0.0,3
0.0,0.0,0.0,63.0,0.0,0.0,15.0,40.0,180.0,0.0,1.0,2.0,3
1.0,1.0,0.0,65.0,0.0,0.0,22.0,10.0,264.0,0.0,2.0,0.0,3
1.0,1.0,1.0,65.0,1.0,2.0,19.0,28.0,228.0,0.0,2.0,0.0,3
1.0,0.0,0.0,67.0,1.0,0.0,16.0,29.0,192.0,0.0,1.0,2.0,3
0.0,0.0,0.0,67.0,0.0,0.0,18.0,42.0,216.0,0.0,1.0,0.0,3
1.0,1.0,0.0,69.0,0.0,0.0,17.0,4.0,204.0,0.0,0.0,1.0,3
1.0,0.0,0.0,72.0,1.0,2.0,17.0,17.0,204.0,0.0,2.0,2.0,3
1.0,0.0,0.0,73.0,0.0,0.0,15.0,19.0,180.0,0.0,2.0,1.0,3
0.0,1.0,0.0,74.0,1.0,2.0,18.0,10.0,216.0,0.0,2.0,1.0,3
1.0,0.0,0.0,32.0,1.0,0.0,16.0,12.0,192.0,0.0,1.0,2.0,3
1.0,1.0,1.0,33.0,1.0,0.0,16.0,35.0,192.0,0.0,1.0,1.0,3
0.0,1.0,0.0,40.0,1.0,2.0,21.0,12.0,252.0,0.0,1.0,1.0,3
1.0,1.0,0.0,42.0,1.0,0.0,18.0,22.0,216.0,0.0,1.0,2.0,3
1.0,1.0,0.0,44.0,0.0,0.0,15.0,42.0,180.0,0.0,1.0,1.0,3
1.0,0.0,0.0,45.0,1.0,0.0,13.0,26.0,156.0,0.0,2.0,1.0,3
1.0,0.0,1.0,45.0,0.0,0.0,18.0,25.0,216.0,0.0,0.0,0.0,3
1.0,1.0,0.0,49.0,0.0,2.0,16.0,36.0,192.0,0.0,0.0,1.0,3
1.0,0.0,0.0,54.0,0.0,0.0,15.0,21.0,180.0,0.0,2.0,1.0,3
1.0,0.0,0.0,57.0,0.0,0.0,15.0,41.0,180.0,0.0,0.0,2.0,3
0.0,0.0,0.0,64.0,1.0,0.0,16.0,12.0,192.0,0.0,1.0,1.0,3
1.0,0.0,0.0,66.0,1.0,2.0,20.0,34.0,240.0,0.0,1.0,1.0,3
0.0,1.0,0.0,66.0,0.0,0.0,15.0,43.0,180.0,0.0,1.0,2.0,3
0.0,0.0,0.0,75.0,1.0,2.0,14.0,32.0,168.0,0.0,2.0,0.0,3
1.0,1.0,0.0,33.0,0.0,0.0,16.0,2.0,192.0,0.0,2.0,2.0,3
1.0,0.0,1.0,40.0,0.0,2.0,17.0,47.0,204.0,0.0,1.0,2.0,3
1.0,0.0,0.0,43.0,1.0,0.0,21.0,13.0,252.0,0.0,0.0,1.0,3
1.0,0.0,1.0,48.0,1.0,2.0,17.0,36.0,204.0,0.0,1.0,2.0,3
1.0,0.0,0.0,55.0,1.0,2.0,18.0,21.0,216.0,0.0,0.0,1.0,3
1.0,0.0,0.0,60.0,0.0,2.0,18.0,5.0,216.0,0.0,1.0,1.0,3
0.0,0.0,0.0,35.0,0.0,2.0,18.0,34.0,216.0,0.0,1.0,1.0,3
1.0,0.0,1.0,49.0,0.0,2.0,16.0,19.0,192.0,0.0,1.0,0.0,3
1.0,1.0,1.0,32.0,1.0,2.0,19.0,2.0,228.0,0.0,0.0,1.0,3
1.0,1.0,0.0,79.0,1.0,2.0,14.0,1.0,168.0,0.0,1.0,2.0,3
